[
    {
        "name": "Azuay"
    },
    {
        "name": "Bolívar"
    },
    {
        "name": "Cañar"
    },
    {
        "name": "Carchi"
    },
    {
        "name": "Chimborazo"
    },
    {
        "name": "Cotopaxi"
    },
    {
        "name": "El Oro"
    },
    {
        "name": "Esmeraldas"
    },
    {
        "name": "Galápagos"
    },
    {
        "name": "Guayas"
    },
    {
        "name": "Imbabura"
    },
    {
        "name": "Loja"
    },
    {
        "name": "Los Ríos"
    },
    {
        "name": "Manabí"
    },
    {
        "name": "Morona-Santiago"
    },
    {
        "name": "Napo"
    },
    {
        "name": "Orellana"
    },
    {
        "name": "Pastaza"
    },
    {
        "name": "Pichincha"
    },
    {
        "name": "Santa Elena"
    },
    {
        "name": "Santo Domingo de los Tsáchilas"
    },
    {
        "name": "Sucumbíos"
    },
    {
        "name": "Tungurahua"
    },
    {
        "name": "Zamora Chinchipe"
    }
]