[
    {
        "name": "Buenos Aires",
        "cities": [
            "Adolfo Alsina",
            "Adolfo Gonzáles Chaves",
            "Alberti",
            "Almirante Brown",
            "Arrecifes",
            "Avellaneda",
            "Ayacucho",
            "Azul",
            "Bahía Blanca",
            "Balcarce",
            "Balvanera",
            "Baradero",
            "Barracas",
            "Belgrano",
            "Benito Juárez",
            "Berazategui",
            "Berisso",
            "Boedo",
            "Bolívar",
            "Bragado",
            "Brandsen",
            "Buenos Aires",
            "Campana",
            "Cañuelas",
            "Capitán Sarmiento",
            "Carlos Casares",
            "Carlos Tejedor",
            "Carmen de Areco",
            "Castelli",
            "Chacabuco",
            "Chascomús",
            "Chivilcoy",
            "Colegiales",
            "Colón",
            "Coronel Dorrego",
            "Coronel Pringles",
            "Coronel Rosales",
            "Coronel Suárez",
            "Daireaux",
            "Dolores",
            "Ensenada",
            "Escobar",
            "Esteban Echeverríar",
            "Exaltación de la Cruz",
            "Ezeiza",
            "Florencio Varela",
            "Florentino Ameghino",
            "General Alvarado",
            "General Alvear",
            "General Arenales",
            "General Belgrano",
            "General Guido",
            "General La Madrid",
            "General Las Heras",
            "General Lavalle",
            "General Madariaga",
            "General Paz",
            "General Pinto",
            "General Pueyrredón",
            "General Rodríguez",
            "General San Martín",
            "General Viamonte",
            "General Villegas",
            "Guaminí",
            "Hipólito Yrigoyen",
            "Hurlingham",
            "Ituzaingó",
            "José C. Paz",
            "Junín",
            "La Costa",
            "La Matanza",
            "La Plata",
            "Lanús",
            "Laprida",
            "Las Flores",
            "Leandro N. Alem",
            "Lezama",
            "Lincoln",
            "Lobería",
            "Lobos",
            "Lomas de Zamora",
            "Luján",
            "Magdalena",
            "Maipú",
            "Malvinas Argentinas",
            "Mar Chiquita",
            "Marcos Paz",
            "Mercedes",
            "Merlo",
            "Monte",
            "Monte Hermoso",
            "Moreno",
            "Morón",
            "Navarro",
            "Necochea",
            "Nueve de Julio",
            "Olavarría",
            "Patagones",
            "Pehuajó",
            "Pellegrini",
            "Pergamino",
            "Pila",
            "Pilar",
            "Pinamar",
            "Presidente Perón",
            "Puan",
            "Punta Indio",
            "Quilmes",
            "Ramallo",
            "Rauch",
            "Retiro",
            "Rivadavia",
            "Rojas",
            "Roque Pérez",
            "Saavedra",
            "Saladillo",
            "Salliqueló",
            "Salto",
            "San Andrés de Giles",
            "San Antonio de Areco",
            "San Cayetano",
            "San Fernando",
            "San Isidro",
            "San Miguel",
            "San Nicolás",
            "San Pedro",
            "San Vicente",
            "Suipacha",
            "Tandil",
            "Tapalqué",
            "Tigre",
            "Tordillo",
            "Tornquist",
            "Trenque Lauquen",
            "Tres Arroyos",
            "Tres de Febrero",
            "Tres Lomas",
            "Veinticinco de Mayo",
            "Vicente López",
            "Villa Gesell",
            "Villa Lugano",
            "Villa Ortúzar",
            "Villa Santa Rita",
            "Villarino",
            "Zárate"
        ]
    },
    {
        "name": "Catamarca",
        "cities": [
            "Ancasti",
            "Andalgalá",
            "Antofagasta de la Sierra",
            "Capayán",
            "Departamento de Ambato",
            "Departamento de Ancasti",
            "Departamento de Andalgalá",
            "Departamento de Antofagasta de la Sierra",
            "Departamento de Capayán",
            "Departamento de Capital",
            "Departamento de El Alto",
            "Departamento de Fray Mamerto Esquiú",
            "Departamento de La Paz",
            "Departamento de Pomán",
            "Departamento de Santa María",
            "Departamento de Santa Rosa",
            "Departamento de Tinogasta",
            "Departamento de Valle Viejo",
            "El Rodeo",
            "Fiambalá",
            "Hualfín",
            "Huillapima",
            "Icaño",
            "La Puerta de San José",
            "Londres",
            "Los Altos",
            "Los Varela",
            "Mutquín",
            "Pomán",
            "Puerta de Corral Quemado",
            "Recreo",
            "San Antonio",
            "San Fernando del Valle de Catamarca",
            "Santa María",
            "Tinogasta"
        ]
    },
    {
        "name": "Chaco",
        "cities": [
            "Aviá Terai",
            "Barranqueras",
            "Basail",
            "Campo Largo",
            "Capitán Solari",
            "Castelli",
            "Charadai",
            "Charata",
            "Chorotis",
            "Ciervo Petiso",
            "Colonia Benítez",
            "Colonia Elisa",
            "Colonias Unidas",
            "Concepción del Bermejo",
            "Coronel Du Graty",
            "Corzuela",
            "Coté-Lai",
            "Departamento de Almirante Brown",
            "Departamento de Bermejo",
            "Departamento de Comandante Fernández",
            "Departamento de Doce de Octubre",
            "Departamento de Dos de Abril",
            "Departamento de General Donovan",
            "Departamento de General Güemes",
            "Departamento de Independencia",
            "Departamento de Libertad",
            "Departamento de Maipú",
            "Departamento de Nueve de Julio",
            "Departamento de O’Higgins",
            "Departamento de Presidencia de la Plaza",
            "Departamento de Quitilipi",
            "Departamento de San Fernando",
            "Departamento de San Lorenzo",
            "Departamento de Sargento Cabral",
            "Departamento de Tapenagá",
            "Fontana",
            "Gancedo",
            "General José de San Martín",
            "General Pinedo",
            "General Vedia",
            "Hermoso Campo",
            "La Clotilde",
            "La Eduvigis",
            "La Escondida",
            "La Leonesa",
            "La Tigra",
            "La Verde",
            "Laguna Limpia",
            "Lapachito",
            "Las Breñas",
            "Las Garcitas",
            "Los Frentones",
            "Machagai",
            "Makallé",
            "Margarita Belén",
            "Napenay",
            "Pampa Almirón",
            "Pampa del Indio",
            "Pampa del Infierno",
            "Presidencia de la Plaza",
            "Presidencia Roca",
            "Presidencia Roque Sáenz Peña",
            "Puerto Bermejo",
            "Puerto Tirol",
            "Puerto Vilelas",
            "Quitilipi",
            "Resistencia",
            "Samuhú",
            "San Bernardo",
            "Santa Sylvina",
            "Taco Pozo",
            "Tres Isletas",
            "Villa Ángela",
            "Villa Berthet"
        ]
    },
    {
        "name": "Chubut",
        "cities": [
            "Alto Río Senguer",
            "Camarones",
            "Comodoro Rivadavia",
            "Departamento de Biedma",
            "Departamento de Cushamen",
            "Departamento de Escalante",
            "Departamento de Florentino Ameghino",
            "Departamento de Futaleufú",
            "Departamento de Gaimán",
            "Departamento de Gastre",
            "Departamento de Languiñeo",
            "Departamento de Mártires",
            "Departamento de Paso de Indios",
            "Departamento de Rawson",
            "Departamento de Río Senguerr",
            "Departamento de Sarmiento",
            "Departamento de Tehuelches",
            "Departamento de Telsen",
            "Dolavón",
            "El Maitén",
            "Esquel",
            "Gaimán",
            "Gastre",
            "Gobernador Costa",
            "Hoyo de Epuyén",
            "José de San Martín",
            "Lago Puelo",
            "Las Plumas",
            "Puerto Madryn",
            "Rada Tilly",
            "Rawson",
            "Río Mayo",
            "Río Pico",
            "Sarmiento",
            "Tecka",
            "Trelew",
            "Trevelin"
        ]
    },
    {
        "name": "Ciudad Autónoma de Buenos Aires",
        "cities": [
            "Agronomía",
            "Almagro",
            "Balvanera",
            "Barracas",
            "Belgrano",
            "Boedo",
            "Caballito",
            "Chacarita",
            "Coghlan",
            "Colegiales",
            "Constitución",
            "Flores",
            "Floresta",
            "La Boca",
            "La Paternal",
            "Liniers",
            "Mataderos",
            "Monserrat",
            "Monte Castro",
            "Nueva Pompeya",
            "Núñez",
            "Palermo",
            "Parque Avellaneda",
            "Parque Chacabuco",
            "Parque Chas",
            "Parque Patricios",
            "Puerto Madero",
            "Recoleta",
            "Retiro",
            "Saavedra",
            "San Cristóbal",
            "San Nicolás",
            "San Telmo",
            "Vélez Sársfield",
            "Versalles",
            "Villa Crespo",
            "Villa del Parque",
            "Villa Devoto",
            "Villa General Mitre",
            "Villa Lugano",
            "Villa Luro",
            "Villa Ortúzar",
            "Villa Pueyrredón",
            "Villa Real",
            "Villa Riachuelo",
            "Villa Santa Rita",
            "Villa Soldati",
            "Villa Urquiza"
        ]
    },
    {
        "name": "Córdoba",
        "cities": [
            "Achiras",
            "Adelia María",
            "Agua de Oro",
            "Alejandro Roca",
            "Alejo Ledesma",
            "Almafuerte",
            "Alta Gracia",
            "Altos de Chipión",
            "Arias",
            "Arroyito",
            "Arroyo Cabral",
            "Balnearia",
            "Bell Ville",
            "Berrotarán",
            "Brinkmann",
            "Buchardo",
            "Camilo Aldao",
            "Cañada de Luque",
            "Canals",
            "Capilla del Monte",
            "Carnerillo",
            "Carrilobo",
            "Cavanagh",
            "Charras",
            "Chazón",
            "Cintra",
            "Colonia La Tordilla",
            "Colonia San Bartolomé",
            "Córdoba",
            "Coronel Baigorria",
            "Coronel Moldes",
            "Corral de Bustos",
            "Corralito",
            "Cosquín",
            "Costa Sacate",
            "Cruz Alta",
            "Cruz del Eje",
            "Cuesta Blanca",
            "Dalmacio Vélez Sársfield",
            "Deán Funes",
            "Del Campillo",
            "Departamento de Calamuchita",
            "Departamento de Colón",
            "Departamento de Cruz del Eje",
            "Departamento de General Roca",
            "Departamento de General San Martín",
            "Departamento de Juárez Celman",
            "Departamento de Marcos Juárez",
            "Departamento de Minas",
            "Departamento de Presidente Roque Sáenz Peña",
            "Departamento de Río Cuarto",
            "Departamento de Río Primero",
            "Departamento de Río Seco",
            "Departamento de Río Segundo",
            "Departamento de San Alberto",
            "Departamento de San Javier",
            "Departamento de San Justo",
            "Departamento de Sobremonte",
            "Departamento de Totoral",
            "Departamento de Tulumba",
            "Departamento de Unión",
            "Despeñaderos",
            "Devoto",
            "El Arañado",
            "El Tío",
            "Elena",
            "Embalse",
            "Etruria",
            "General Baldissera",
            "General Cabrera",
            "General Levalle",
            "General Roca",
            "Guatimozín",
            "Hernando",
            "Huanchillas",
            "Huerta Grande",
            "Huinca Renancó",
            "Idiazábal",
            "Inriville",
            "Isla Verde",
            "Italó",
            "James Craik",
            "Jesús María",
            "Justiniano Posse",
            "La Calera",
            "La Carlota",
            "La Cesira",
            "La Cumbre",
            "La Falda",
            "La Francia",
            "La Granja",
            "La Para",
            "La Playosa",
            "Laborde",
            "Laboulaye",
            "Laguna Larga",
            "Las Acequias",
            "Las Higueras",
            "Las Junturas",
            "Las Perdices",
            "Las Varas",
            "Las Varillas",
            "Leones",
            "Los Cocos",
            "Los Cóndores",
            "Los Surgentes",
            "Malagueño",
            "Malvinas Argentinas",
            "Marcos Juárez",
            "Marull",
            "Mattaldi",
            "Mendiolaza",
            "Mina Clavero",
            "Miramar",
            "Monte Buey",
            "Monte Cristo",
            "Monte Maíz",
            "Morrison",
            "Morteros",
            "Noetinger",
            "Obispo Trejo",
            "Oliva",
            "Oncativo",
            "Ordóñez",
            "Pascanas",
            "Pasco",
            "Pilar",
            "Piquillín",
            "Porteña",
            "Pozo del Molle",
            "Quilino",
            "Río Ceballos",
            "Río Cuarto",
            "Río Segundo",
            "Río Tercero",
            "Sacanta",
            "Saldán",
            "Salsacate",
            "Salsipuedes",
            "Sampacho",
            "San Agustín",
            "San Antonio de Litín",
            "San Basilio",
            "San Carlos",
            "San Francisco",
            "San Francisco del Chañar",
            "San José de la Dormida",
            "Santa Eufemia",
            "Santa Magdalena",
            "Santa Rosa de Calamuchita",
            "Santa Rosa de Río Primero",
            "Santiago Temple",
            "Saturnino M. Laspiur",
            "Sebastián Elcano",
            "Serrano",
            "Serrezuela",
            "Tancacha",
            "Ticino",
            "Tío Pujio",
            "Toledo",
            "Ucacha",
            "Unquillo",
            "Valle Hermoso",
            "Viamonte",
            "Vicuña Mackenna",
            "Villa Allende",
            "Villa Ascasubi",
            "Villa Berna",
            "Villa Carlos Paz",
            "Villa Concepción del Tío",
            "Villa Cura Brochero",
            "Villa de Soto",
            "Villa del Dique",
            "Villa del Rosario",
            "Villa del Totoral",
            "Villa Dolores",
            "Villa General Belgrano",
            "Villa Giardino",
            "Villa Huidobro",
            "Villa Las Rosas",
            "Villa María",
            "Villa Nueva",
            "Villa Reducción",
            "Villa Rumipal",
            "Villa Tulumba",
            "Villa Valeria",
            "Wenceslao Escalante"
        ]
    },
    {
        "name": "Corrientes",
        "cities": [
            "Alvear",
            "Berón de Astrada",
            "Bonpland",
            "Chavarría",
            "Concepción",
            "Corrientes",
            "Cruz de los Milagros",
            "Curuzú Cuatiá",
            "Departamento de Bella Vista",
            "Departamento de Berón de Astrada",
            "Departamento de Capital",
            "Departamento de Concepción",
            "Departamento de Curuzú Cuatiá",
            "Departamento de Empedrado",
            "Departamento de Esquina",
            "Departamento de General Alvear",
            "Departamento de General Paz",
            "Departamento de Goya",
            "Departamento de Itatí",
            "Departamento de Ituzaingó",
            "Departamento de Lavalle",
            "Departamento de Mburucuyá",
            "Departamento de Mercedes",
            "Departamento de Monte Caseros",
            "Departamento de Paso de los Libres",
            "Departamento de Saladas",
            "Departamento de San Cosme",
            "Departamento de San Luis del Palmar",
            "Departamento de San Martín",
            "Departamento de San Miguel",
            "Departamento de San Roque",
            "Departamento de Santo Tomé",
            "Departamento de Sauce",
            "Empedrado",
            "Esquina",
            "Felipe Yofré",
            "Garruchos",
            "Gobernador Juan E. Martínez",
            "Gobernador Virasora",
            "Goya",
            "Herlitzka",
            "Itá Ibaté",
            "Itatí",
            "Ituzaingó",
            "Juan Pujol",
            "La Cruz",
            "Libertad",
            "Lomas de Vallejos",
            "Loreto",
            "Mariano I. Loza",
            "Mburucuyá",
            "Mercedes",
            "Mocoretá",
            "Monte Caseros",
            "Nuestra Señora del Rosario de Caa Catí",
            "Nueve de Julio",
            "Palmar Grande",
            "Paso de la Patria",
            "Paso de los Libres",
            "Pedro R. Fernández",
            "Perugorría",
            "Pueblo Libertador",
            "Riachuelo",
            "Saladas",
            "San Carlos",
            "San Cosme",
            "San Lorenzo",
            "San Luis del Palmar",
            "San Miguel",
            "Santa Lucía",
            "Santa Rosa",
            "Santo Tomé",
            "Yapeyú",
            "Yataity Calle"
        ]
    },
    {
        "name": "Entre Ríos",
        "cities": [
            "Aldea San Antonio",
            "Aranguren",
            "Bovril",
            "Caseros",
            "Ceibas",
            "Chajarí",
            "Colón",
            "Colonia Elía",
            "Concepción del Uruguay",
            "Concordia",
            "Conscripto Bernardi",
            "Crespo",
            "Departamento de Gualeguaychú",
            "Departamento de Paraná",
            "Diamante",
            "Domínguez",
            "Federación",
            "Federal",
            "General Campos",
            "General Galarza",
            "General Ramírez",
            "Gobernador Mansilla",
            "Gualeguay",
            "Gualeguaychú",
            "Hasenkamp",
            "Hernández",
            "Herrera",
            "La Criolla",
            "La Paz",
            "Larroque",
            "Los Charrúas",
            "Los Conquistadores",
            "Lucas González",
            "Maciá",
            "Nogoyá",
            "Oro Verde",
            "Paraná",
            "Piedras Blancas",
            "Pronunciamiento",
            "Puerto Ibicuy",
            "Puerto Yeruá",
            "Rosario del Tala",
            "San Benito",
            "San Gustavo",
            "San José de Feliciano",
            "San Justo",
            "San Salvador",
            "Santa Ana",
            "Santa Anita",
            "Santa Elena",
            "Sauce de Luna",
            "Seguí",
            "Tabossi",
            "Ubajay",
            "Urdinarrain",
            "Viale",
            "Victoria",
            "Villa del Rosario",
            "Villa Elisa",
            "Villa Hernandarias",
            "Villa Mantero",
            "Villa María Grande",
            "Villa Paranacito",
            "Villa Urquiza",
            "Villaguay"
        ]
    },
    {
        "name": "Formosa",
        "cities": [
            "Clorinda",
            "Comandante Fontana",
            "Departamento de Pilcomayo",
            "El Colorado",
            "Estanislao del Campo",
            "Formosa",
            "General Enrique Mosconi",
            "Herradura",
            "Ibarreta",
            "Ingeniero Guillermo N. Juárez",
            "Laguna Naick-Neck",
            "Laguna Yema",
            "Las Lomitas",
            "Palo Santo",
            "Pirané",
            "Pozo del Tigre",
            "Riacho Eh-Eh",
            "San Francisco de Laishí",
            "Villa Escolar",
            "Villa General Guemes"
        ]
    },
    {
        "name": "Jujuy",
        "cities": [
            "Abra Pampa",
            "Caimancito",
            "Calilegua",
            "Departamento de Cochinoca",
            "Departamento de Rinconada",
            "Departamento de Tumbaya",
            "El Aguilar",
            "Fraile Pintado",
            "Humahuaca",
            "Ingenio La Esperanza",
            "La Mendieta",
            "La Quiaca",
            "Libertador General San Martín",
            "Maimará",
            "Palma Sola",
            "Palpalá",
            "San Pedro de Jujuy",
            "San Salvador de Jujuy",
            "Santa Clara",
            "Tilcara",
            "Yuto"
        ]
    },
    {
        "name": "La Pampa",
        "cities": [
            "Alpachiri",
            "Alta Italia",
            "Anguil",
            "Arata",
            "Bernardo Larroudé",
            "Bernasconi",
            "Caleufú",
            "Catriló",
            "Colonia Barón",
            "Departamento de Caleu-Caleu",
            "Departamento de Toay",
            "Doblas",
            "Eduardo Castex",
            "Embajador Martini",
            "General Acha",
            "General Manuel J. Campos",
            "General Pico",
            "General San Martín",
            "Guatraché",
            "Ingeniero Luiggi",
            "Intendente Alvear",
            "Jacinto Arauz",
            "La Adela",
            "La Maruja",
            "Lonquimay",
            "Macachín",
            "Miguel Riglos",
            "Parera",
            "Quemú Quemú",
            "Rancul",
            "Realicó",
            "Santa Isabel",
            "Santa Rosa",
            "Telén",
            "Trenel",
            "Uriburu",
            "Veinticinco de Mayo",
            "Victorica",
            "Winifreda"
        ]
    },
    {
        "name": "La Rioja",
        "cities": [
            "Arauco",
            "Castro Barros",
            "Chamical",
            "Chilecito",
            "Departamento de Arauco",
            "Departamento de General Lamadrid",
            "Departamento de Independencia",
            "La Rioja",
            "Villa Bustos",
            "Vinchina"
        ]
    },
    {
        "name": "Mendoza",
        "cities": [
            "Departamento de Capital",
            "Departamento de General Alvear",
            "Departamento de Godoy Cruz",
            "Departamento de Guaymallén",
            "Departamento de La Paz",
            "Departamento de Las Heras",
            "Departamento de Lavalle",
            "Departamento de Luján",
            "Departamento de Maipú",
            "Departamento de Malargüe",
            "Departamento de Rivadavia",
            "Departamento de San Carlos",
            "Departamento de San Martín",
            "Departamento de San Rafael",
            "Departamento de Santa Rosa",
            "Departamento de Tunuyán",
            "Departamento de Tupungato",
            "Godoy Cruz",
            "Las Heras",
            "Mendoza",
            "San Martín",
            "San Rafael"
        ]
    },
    {
        "name": "Misiones",
        "cities": [
            "Alba Posse",
            "Almafuerte",
            "Aristóbulo del Valle",
            "Arroyo del Medio",
            "Azara",
            "Bernardo de Irigoyen",
            "Bonpland",
            "Campo Grande",
            "Campo Ramón",
            "Campo Viera",
            "Candelaria",
            "Capioví",
            "Caraguatay",
            "Cerro Azul",
            "Cerro Corá",
            "Colonia Aurora",
            "Concepción de la Sierra",
            "Departamento de Apóstoles",
            "Departamento de Cainguás",
            "Departamento de Candelaria",
            "Departamento de Capital",
            "Departamento de Concepción de la Sierra",
            "Departamento de Eldorado",
            "Departamento de General Manuel Belgrano",
            "Departamento de Guaraní",
            "Departamento de Iguazú",
            "Departamento de Leandro N. Alem",
            "Departamento de Libertador General San Martín",
            "Departamento de Montecarlo",
            "Departamento de Oberá",
            "Departamento de San Ignacio",
            "Departamento de San Javier",
            "Departamento de San Pedro",
            "Departamento de Veinticinco de Mayo",
            "Dos Arroyos",
            "Dos de Mayo",
            "El Alcázar",
            "El Soberbio",
            "Florentino Ameghino",
            "Garuhapé",
            "Garupá",
            "General Alvear",
            "Gobernador Roca",
            "Guaraní",
            "Jardín América",
            "Loreto",
            "Los Helechos",
            "Mártires",
            "Mojón Grande",
            "Montecarlo",
            "Oberá",
            "Panambí",
            "Picada Gobernador López",
            "Posadas",
            "Puerto Eldorado",
            "Puerto Esperanza",
            "Puerto Iguazú",
            "Puerto Leoni",
            "Puerto Libertad",
            "Puerto Piray",
            "Puerto Rico",
            "Ruiz de Montoya",
            "San José",
            "San Pedro",
            "San Vicente",
            "Santa María",
            "Santo Pipó",
            "Tres Capones",
            "Veinticinco de Mayo",
            "Wanda"
        ]
    },
    {
        "name": "Neuquén",
        "cities": [
            "Aluminé",
            "Andacollo",
            "Añelo",
            "Barrancas",
            "Buta Ranquil",
            "Centenario",
            "Chos Malal",
            "Cutral-Có",
            "Departamento de Aluminé",
            "Departamento de Añelo",
            "Departamento de Catán-Lil",
            "Departamento de Chos-Malal",
            "Departamento de Collón-Curá",
            "Departamento de Confluencia",
            "Departamento de Lácar",
            "Departamento de Minas",
            "Departamento de Zapala",
            "El Huecú",
            "Junín de los Andes",
            "Las Coloradas",
            "Las Lajas",
            "Las Ovejas",
            "Loncopué",
            "Mariano Moreno",
            "Neuquén",
            "Picún Leufú",
            "Piedra del Águila",
            "Plaza Huincul",
            "Plottier",
            "San Martín de los Andes",
            "Senillosa",
            "Villa La Angostura",
            "Vista Alegre",
            "Zapala"
        ]
    },
    {
        "name": "Río Negro",
        "cities": [
            "Allen",
            "Catriel",
            "Cervantes",
            "Chichinales",
            "Chimpay",
            "Choele Choel",
            "Cinco Saltos",
            "Cipolletti",
            "Comallo",
            "Contraalmirante Cordero",
            "Coronel Belisle",
            "Darwin",
            "Departamento de Avellaneda",
            "Departamento de Veinticinco de Mayo",
            "El Bolsón",
            "El Cuy",
            "Fray Luis Beltrán",
            "General Conesa",
            "General Enrique Godoy",
            "General Fernández Oro",
            "General Roca",
            "Ingeniero Jacobacci",
            "Ingeniero Luis A. Huergo",
            "Lamarque",
            "Los Menucos",
            "Mainque",
            "Maquinchao",
            "Ñorquinco",
            "Pilcaniyeu",
            "Río Colorado",
            "San Antonio Oeste",
            "San Carlos de Bariloche",
            "Sierra Colorada",
            "Sierra Grande",
            "Valcheta",
            "Viedma",
            "Villa Regina"
        ]
    },
    {
        "name": "Salta",
        "cities": [
            "Apolinario Saravia",
            "Cachí",
            "Cafayate",
            "Campo Quijano",
            "Chicoana",
            "Departamento Capital",
            "Departamento de Anta",
            "Departamento de Cerrillos",
            "Departamento de Chicoana",
            "Departamento de General Güemes",
            "Departamento de Guachipas",
            "Departamento de Iruya",
            "Departamento de La Poma",
            "Departamento de La Viña",
            "Departamento de Los Andes",
            "Departamento de Metán",
            "Departamento de Rivadavia",
            "Departamento de Rosario de la Frontera",
            "Departamento de Rosario de Lerma",
            "Departamento de San Carlos",
            "El Carril",
            "El Galpón",
            "El Quebrachal",
            "Embarcación",
            "General Enrique Mosconi",
            "Joaquín V. González",
            "La Caldera",
            "Las Lajitas",
            "Salta",
            "San Antonio de los Cobres",
            "San Ramón de la Nueva Orán",
            "Santa Rosa de Tastil",
            "Tartagal"
        ]
    },
    {
        "name": "San Juan",
        "cities": [
            "Albardón",
            "Calingasta",
            "Caucete",
            "Chimbas",
            "Departamento de Albardón",
            "Departamento de Angaco",
            "Departamento de Calingasta",
            "Departamento de Capital",
            "Departamento de Caucete",
            "Departamento de Chimbas",
            "Departamento de Iglesia",
            "Departamento de Jáchal",
            "Departamento de Nueve de Julio",
            "Departamento de Rawson",
            "Departamento de Rivadavia",
            "Departamento de San Martín",
            "Departamento de Santa Lucía",
            "Departamento de Sarmiento",
            "Departamento de Ullúm",
            "Departamento de Zonda",
            "Nueve de Julio",
            "Pocito",
            "San Agustín de Valle Fértil",
            "San José de Jáchal",
            "San Juan",
            "San Martín",
            "Santa Lucía",
            "Villa Basilio Nievas",
            "Villa Paula de Sarmiento"
        ]
    },
    {
        "name": "San Luis",
        "cities": [
            "Buena Esperanza",
            "Candelaria",
            "Concarán",
            "Juan Martín de Pueyrredón",
            "Justo Daract",
            "La Punta",
            "La Toma",
            "Luján",
            "Merlo",
            "Naschel",
            "San Francisco del Monte de Oro",
            "San Luis",
            "Santa Rosa del Conlara",
            "Tilisarao",
            "Unión",
            "Villa General Roca",
            "Villa Mercedes"
        ]
    },
    {
        "name": "Santa Cruz",
        "cities": [
            "28 de Noviembre",
            "Caleta Olivia",
            "Comandante Luis Piedra Buena",
            "Departamento de Deseado",
            "Departamento de Güer Aike",
            "Departamento de Lago Argentino",
            "Departamento de Magallanes",
            "Departamento de Río Chico",
            "El Calafate",
            "Gobernador Gregores",
            "Las Heras",
            "Los Antiguos",
            "Perito Moreno",
            "Pico Truncado",
            "Puerto Deseado",
            "Puerto Santa Cruz",
            "Río Gallegos",
            "Río Turbio",
            "San Julián",
            "Yacimiento Río Turbio"
        ]
    },
    {
        "name": "Santa Fe",
        "cities": [
            "Armstrong",
            "Arroyo Seco",
            "Arrufó",
            "Avellaneda",
            "Bella Italia",
            "Calchaquí",
            "Cañada de Gómez",
            "Capitán Bermúdez",
            "Carcarañá",
            "Casilda",
            "Ceres",
            "Chañar Ladeado",
            "Coronda",
            "Departamento de Belgrano",
            "Departamento de Caseros",
            "Departamento de Castellanos",
            "Departamento de Constitución",
            "Departamento de La Capital",
            "Departamento de Nueve de Julio",
            "Departamento de San Cristóbal",
            "Departamento de San Javier",
            "Departamento de San Justo",
            "Departamento de San Lorenzo",
            "Departamento de San Martín",
            "Departamento de Vera",
            "El Trébol",
            "Esperanza",
            "Firmat",
            "Fray Luis A. Beltrán",
            "Funes",
            "Gálvez",
            "Gato Colorado",
            "Gobernador Gálvez",
            "Granadero Baigorria",
            "Helvecia",
            "Hersilia",
            "Iriondo Department",
            "Laguna Paiva",
            "Las Parejas",
            "Las Rosas",
            "Las Toscas",
            "Los Laureles",
            "Malabrigo",
            "Melincué",
            "Pérez",
            "Rafaela",
            "Reconquista",
            "Recreo",
            "Roldán",
            "Rosario",
            "Rufino",
            "San Carlos Centro",
            "San Cristóbal",
            "San Javier",
            "San Jorge",
            "San Justo",
            "Santa Fe",
            "Santo Tomé",
            "Sastre",
            "Sunchales",
            "Tacuarendí",
            "Tostado",
            "Totoras",
            "Venado Tuerto",
            "Vera",
            "Villa Cañás",
            "Villa Constitución",
            "Villa Mugueta",
            "Villa Ocampo",
            "Villa Trinidad"
        ]
    },
    {
        "name": "Santiago del Estero",
        "cities": [
            "Añatuya",
            "Beltrán",
            "Campo Gallo",
            "Clodomira",
            "Colonia Dora",
            "Departamento de Aguirre",
            "Departamento de Banda",
            "Departamento de Choya",
            "Departamento de Guasayán",
            "Departamento de Loreto",
            "Departamento de Moreno",
            "Departamento de Río Hondo",
            "Departamento de Robles",
            "Departamento de San Martín",
            "Departamento de Sarmiento",
            "El Hoyo",
            "La Banda",
            "Los Juríes",
            "Los Telares",
            "Pampa de los Guanacos",
            "Quimilí",
            "San Pedro",
            "Santiago del Estero",
            "Sumampa",
            "Suncho Corral",
            "Termas de Río Hondo",
            "Tintina",
            "Villa Atamisqui",
            "Villa General Mitre",
            "Villa Ojo de Agua"
        ]
    },
    {
        "name": "Tierra del Fuego",
        "cities": [
            "Río Grande",
            "Tolhuin",
            "Ushuaia"
        ]
    },
    {
        "name": "Tucumán",
        "cities": [
            "Aguilares",
            "Alderetes",
            "Bella Vista",
            "Burruyacú",
            "Departamento de Burruyacú",
            "Departamento de Capital",
            "Departamento de Cruz Alta",
            "Departamento de Famaillá",
            "Departamento de Graneros",
            "Departamento de La Cocha",
            "Departamento de Lules",
            "Departamento de Monteros",
            "Departamento de Río Chico",
            "Departamento de Simoca",
            "Departamento de Trancas",
            "Departamento de Yerba Buena",
            "Famaillá",
            "Graneros",
            "La Cocha",
            "Monteros",
            "San Miguel de Tucumán",
            "Simoca",
            "Tafí del Valle",
            "Tafí Viejo",
            "Trancas",
            "Yerba Buena"
        ]
    }
]