[
    {
        "name": "Amazonas",
        "cities": [
            "Maroa",
            "Municipio Autónomo Alto Orinoco",
            "Puerto Ayacucho",
            "San Carlos de Río Negro",
            "San Fernando de Atabapo",
            "San Juan de Manapiare"
        ]
    },
    {
        "name": "Anzoátegui",
        "cities": [
            "Anaco",
            "Aragua de Barcelona",
            "Barcelona",
            "Cantaura",
            "El Tigre",
            "Municipio José Gregorio Monagas",
            "Onoto",
            "Puerto La Cruz",
            "Puerto Píritu",
            "San José de Guanipa"
        ]
    },
    {
        "name": "Apure",
        "cities": [
            "San Fernando de Apure"
        ]
    },
    {
        "name": "Aragua",
        "cities": [
            "Cagua",
            "El Limón",
            "La Victoria",
            "Las Tejerías",
            "Maracay",
            "Palo Negro",
            "San Mateo",
            "Santa Rita",
            "Turmero",
            "Villa de Cura"
        ]
    },
    {
        "name": "Barinas",
        "cities": [
            "Alto Barinas",
            "Barinas",
            "Barinitas",
            "Municipio Barinas"
        ]
    },
    {
        "name": "Bolívar",
        "cities": [
            "Ciudad Bolívar",
            "Ciudad Guayana",
            "Municipio Padre Pedro Chien",
            "Santa Elena de Uairén",
            "Upata"
        ]
    },
    {
        "name": "Carabobo",
        "cities": [
            "Guacara",
            "Güigüe",
            "Los Guayos",
            "Mariara",
            "Morón",
            "Puerto Cabello",
            "San Joaquín",
            "Tacarigua",
            "Tocuyito",
            "Valencia"
        ]
    },
    {
        "name": "Cojedes",
        "cities": [
            "San Carlos",
            "Tinaquillo"
        ]
    },
    {
        "name": "Delta Amacuro",
        "cities": [
            "Tucupita"
        ]
    },
    {
        "name": "Distrito Capital",
        "cities": [
            "Caracas"
        ]
    },
    {
        "name": "Falcón",
        "cities": [
            "Chichiriviche",
            "Coro",
            "Municipio Los Taques",
            "Municipio Miranda",
            "Punta Cardón",
            "Punto Fijo",
            "Tucacas"
        ]
    },
    {
        "name": "Guárico",
        "cities": [
            "Altagracia de Orituco",
            "Calabozo",
            "San Juan de los Morros",
            "Valle de La Pascua",
            "Zaraza"
        ]
    },
    {
        "name": "La Guaira",
        "cities": [
            "Caraballeda",
            "Catia La Mar",
            "La Guaira",
            "Maiquetía"
        ]
    },
    {
        "name": "Lara",
        "cities": [
            "Barquisimeto",
            "Cabudare",
            "Carora",
            "El Tocuyo",
            "Los Rastrojos",
            "Quíbor"
        ]
    },
    {
        "name": "Mérida",
        "cities": [
            "Ejido",
            "El Vigía",
            "Mérida",
            "Mucumpiz",
            "Municipio Libertador"
        ]
    },
    {
        "name": "Miranda",
        "cities": [
            "Baruta",
            "Carrizal",
            "Caucaguita",
            "Caucagüito",
            "Chacao",
            "Charallave",
            "Cúa",
            "El Cafetal",
            "El Hatillo",
            "Guarenas",
            "Guatire",
            "La Dolorita",
            "Los Dos Caminos",
            "Los Teques",
            "Ocumare del Tuy",
            "Petare",
            "San Antonio de Los Altos",
            "Santa Teresa del Tuy"
        ]
    },
    {
        "name": "Monagas",
        "cities": [
            "Caripito",
            "Maturín",
            "Municipio Maturín",
            "Municipio Uracoa"
        ]
    },
    {
        "name": "Nueva Esparta",
        "cities": [
            "Juan Griego",
            "La Asunción",
            "Porlamar"
        ]
    },
    {
        "name": "Portuguesa",
        "cities": [
            "Acarigua",
            "Araure",
            "Guanare",
            "Villa Bruzual"
        ]
    },
    {
        "name": "Sucre",
        "cities": [
            "Carúpano",
            "Cumaná",
            "Güiria",
            "Municipio Valdez"
        ]
    },
    {
        "name": "Táchira",
        "cities": [
            "Colón",
            "La Fría",
            "La Grita",
            "Municipio José María Vargas",
            "Rubio",
            "San Antonio del Táchira",
            "San Cristóbal",
            "Táriba"
        ]
    },
    {
        "name": "Trujillo",
        "cities": [
            "Boconó",
            "Municipio Pampanito",
            "Municipio San Rafael de Carvajal",
            "Trujillo",
            "Valera"
        ]
    },
    {
        "name": "Venezuela",
        "cities": []
    },
    {
        "name": "Yaracuy",
        "cities": [
            "Chivacoa",
            "Municipio Independencia",
            "Nirgua",
            "San Felipe",
            "Yaritagua"
        ]
    },
    {
        "name": "Zulia",
        "cities": [
            "Cabimas",
            "Ciudad Ojeda",
            "La Villa del Rosario",
            "Lagunillas",
            "Machiques",
            "Maracaibo",
            "San Carlos del Zulia",
            "Santa Rita"
        ]
    }
]