[
    {
        "name": "Busan",
        "cities": [
            "Buk-gu",
            "Busan",
            "Dongnae-gu",
            "Gangseo-gu",
            "Geumjeong-gu",
            "Gijang",
            "Gijang-gun",
            "Haeundae-gu",
            "Jung-gu",
            "Nam-gu",
            "Saha-gu",
            "Sasang-gu",
            "Seo-gu",
            "Suyeong-gu",
            "Yeongdo-gu"
        ]
    },
    {
        "name": "Daegu",
        "cities": [
            "Daegu",
            "Dalseo-gu",
            "Dalseong-gun",
            "Dong-gu",
            "Hwawŏn",
            "Jung-gu",
            "Seo-gu",
            "Suseong-gu"
        ]
    },
    {
        "name": "Daejeon",
        "cities": [
            "Daejeon",
            "Seo-gu",
            "Sintansin",
            "Songgangdong",
            "Yuseong-gu"
        ]
    },
    {
        "name": "Gangwon",
        "cities": [
            "Cheorwon-gun",
            "Chuncheon",
            "Chuncheon-si",
            "Donghae-si",
            "Gangneung",
            "Gangneung-si",
            "Goseong-gun",
            "Hoengseong-gun",
            "Hongch’ŏn",
            "Hongcheon-gun",
            "Hwacheon",
            "Hwacheon-gun",
            "Inje-gun",
            "Jeongseon-gun",
            "Kosong",
            "Neietsu",
            "Pyeongchang",
            "Pyeongchang-gun",
            "Samcheok-si",
            "Santyoku",
            "Sokcho",
            "Sokcho-si",
            "T’aebaek",
            "Taebaek-si",
            "Tonghae",
            "Wŏnju",
            "Wonju-si",
            "Yanggu",
            "Yanggu-gun",
            "Yangyang-gun"
        ]
    },
    {
        "name": "Gwangju",
        "cities": [
            "Gwangju",
            "Gwangsan-gu",
            "Masan"
        ]
    },
    {
        "name": "Gyeonggi",
        "cities": [
            "Ansan-si",
            "Anseong",
            "Anyang-si",
            "Bucheon-si",
            "Dongducheon",
            "Gapyeong",
            "Gapyeong-gun",
            "Gimpo-si",
            "Goyang-si",
            "Gunpo-si",
            "Guri-si",
            "Gwacheon-si",
            "Gwangju",
            "Gwangju-si",
            "Gwangmyeong-si",
            "Hanam",
            "Hanam-si",
            "Hwado",
            "Hwaseong-si",
            "Icheon-si",
            "Kwangmyŏng",
            "Munsan",
            "Namyangju",
            "Namyangju-si",
            "Osan",
            "Osan-si",
            "Paju-si",
            "Pocheon-si",
            "Pubal",
            "Pyeongtaek",
            "Seongnam-si",
            "Siheung",
            "Suwon",
            "Uijeongbu-si",
            "Uiwang-si",
            "Wabu",
            "Yangju",
            "Yangju-si",
            "Yangp'yŏng",
            "Yangpyeong-gun",
            "Yeoju-si",
            "Yeoncheon-gun",
            "Yongin-si"
        ]
    },
    {
        "name": "Incheon",
        "cities": [
            "Bupyeong-gu",
            "Incheon",
            "Michuhol",
            "Yeonsu-gu"
        ]
    },
    {
        "name": "Jeju",
        "cities": [
            "Gaigeturi",
            "Jeju City",
            "Jeju-si",
            "Seogwipo"
        ]
    },
    {
        "name": "North Chungcheong",
        "cities": [
            "Boeun-gun",
            "Cheongju-si",
            "Chinch'ŏn",
            "Chungju-si",
            "Danyang-gun",
            "Eumseong-gun",
            "Goesan-gun",
            "Jecheon-si",
            "Jeungpyeong-gun",
            "Jincheon-gun",
            "Koesan",
            "Okcheon",
            "Okcheon-gun",
            "Yeongdong",
            "Yeongdong-gun"
        ]
    },
    {
        "name": "North Gyeongsang",
        "cities": [
            "Andong",
            "Andong-si",
            "Bonghwa-gun",
            "Cheongdo-gun",
            "Cheongsong gun",
            "Cheongsong-gun",
            "Chilgok-gun",
            "Eisen",
            "Gimcheon",
            "Gimcheon-si",
            "Goryeong-gun",
            "Gumi-si",
            "Gunwi-gun",
            "Gyeongju",
            "Gyeongsan-si",
            "Hayang",
            "Heunghae",
            "Jenzan",
            "Kunwi",
            "Mungyeong",
            "Mungyeong-si",
            "Pohang",
            "Pohang-si",
            "Sangju",
            "Seongju-gun",
            "Uiseong-gun",
            "Uljin-gun",
            "Ulleung-gun",
            "Waegwan",
            "Yecheon-gun",
            "Yeongcheon-si",
            "Yeongdeok-gun",
            "Yeongju-si",
            "Yeongyang-gun",
            "Yeonil"
        ]
    },
    {
        "name": "North Jeolla",
        "cities": [
            "Buan-gun",
            "Changsu",
            "Gimje-si",
            "Gochang-gun",
            "Gunsan",
            "Gunsan-si",
            "Iksan",
            "Iksan-si",
            "Imsil",
            "Imsil-gun",
            "Jangsu-gun",
            "Jeongeup",
            "Jeongeup-si",
            "Jeonju",
            "Jeonju-si",
            "Jinan-gun",
            "Kimje",
            "Koch'ang",
            "Muju-gun",
            "Namwon",
            "Nangen",
            "Puan",
            "Sunchang-gun",
            "Wanju"
        ]
    },
    {
        "name": "Sejong City",
        "cities": [
            "Sejong"
        ]
    },
    {
        "name": "Seoul",
        "cities": [
            "Dobong-gu",
            "Dongdaemun-gu",
            "Dongjak-gu",
            "Eunpyeong-gu",
            "Gangbuk-gu",
            "Gangdong-gu",
            "Gangnam-gu",
            "Gangseo-gu",
            "Geumcheon-gu",
            "Guro-gu",
            "Gwanak-gu",
            "Gwangjin-gu",
            "Jongno-gu",
            "Jung-gu",
            "Jungnang-gu",
            "Mapo-gu",
            "Nowon-gu",
            "Seocho-gu",
            "Seodaemun-gu",
            "Seongbuk-gu",
            "Seongdong-gu",
            "Seoul",
            "Songpa-gu",
            "Yangcheon-gu",
            "Yeongdeungpo-gu",
            "Yongsan-dong",
            "Yongsan-gu"
        ]
    },
    {
        "name": "South Chungcheong",
        "cities": [
            "Asan",
            "Asan-si",
            "Boryeong",
            "Boryeong-si",
            "Buyeo",
            "Buyeo-gun",
            "Cheonan",
            "Cheonan-si",
            "Cheongyang-gun",
            "Geumsan-gun",
            "Gongju",
            "Gongju-si",
            "Gyeryong-si",
            "Hongseong",
            "Hongseong-gun",
            "Kinzan",
            "Nonsan",
            "Nonsan-si",
            "Seocheon-gun",
            "Seonghwan",
            "Seosan",
            "Seosan-si",
            "Taean-gun",
            "Taesal-li",
            "Tangjin",
            "Yesan",
            "Yesan-gun",
            "Yŏnmu"
        ]
    },
    {
        "name": "South Gyeongsang",
        "cities": [
            "Changnyeong",
            "Changnyeong-gun",
            "Changwon",
            "Changwon-si",
            "Chinju",
            "Geochang-gun",
            "Geoje-si",
            "Gimhae-si",
            "Goseong",
            "Goseong-gun",
            "Hadong-gun",
            "Haman-gun",
            "Hapcheon-gun",
            "Jinju-si",
            "Kimhae",
            "Kyosai",
            "Miryang",
            "Miryang-si",
            "Naesŏ",
            "Namhae-gun",
            "Sacheon-si",
            "Sancheong-gun",
            "Sinhyeon",
            "Uiryeong-gun",
            "Ungsang",
            "Yangsan"
        ]
    },
    {
        "name": "South Jeolla",
        "cities": [
            "Beolgyo",
            "Boseong-gun",
            "Damyang-gun",
            "Gangjin-gun",
            "Goheung-gun",
            "Gokseong-gun",
            "Gurye-gun",
            "Gwangyang",
            "Gwangyang-si",
            "Haenam",
            "Haenam-gun",
            "Hampyeong-gun",
            "Hwasun",
            "Hwasun-gun",
            "Jangheung-gun",
            "Jangseong-gun",
            "Jindo-gun",
            "Kurye",
            "Kwangyang",
            "Mokpo",
            "Mokpo-si",
            "Muan",
            "Muan-gun",
            "Naju",
            "Naju-si",
            "Sinan",
            "Sinan-gun",
            "Suncheon",
            "Suncheon-si",
            "Wando-gun",
            "Yeongam",
            "Yeongam-gun",
            "Yeonggwang",
            "Yeonggwang-gun",
            "Yeosu"
        ]
    },
    {
        "name": "Ulsan",
        "cities": [
            "Buk-gu",
            "Dong-gu",
            "Jung-gu",
            "Nam-gu",
            "Ulju-gun",
            "Ulsan"
        ]
    }
]