[
    {
        "name": "Aargau",
        "cities": [
            "Aarau",
            "Aarburg",
            "Aristau",
            "Auw",
            "Bad Zurzach",
            "Baden",
            "Berikon",
            "Besenbüren",
            "Bezirk Aarau",
            "Bezirk Baden",
            "Bezirk Bremgarten",
            "Bezirk Brugg",
            "Bezirk Kulm",
            "Bezirk Laufenburg",
            "Bezirk Lenzburg",
            "Bezirk Muri",
            "Bezirk Rheinfelden",
            "Bezirk Zofingen",
            "Bezirk Zurzach",
            "Birmenstorf",
            "Birr",
            "Boniswil",
            "Bremgarten",
            "Brittnau",
            "Brugg",
            "Buchs",
            "Buttwil",
            "Densbüren",
            "Dottikon",
            "Dürrenäsch",
            "Egliswil",
            "Ehrendingen",
            "Eiken",
            "Endingen",
            "Frick",
            "Gebenstorf",
            "Gipf-Oberfrick",
            "Gontenschwil",
            "Gränichen",
            "Hägglingen",
            "Hausen",
            "Jonen",
            "Kaiseraugst",
            "Kaisten",
            "Killwangen",
            "Klingnau",
            "Koblenz",
            "Kölliken",
            "Künten",
            "Küttigen",
            "Laufenburg",
            "Lauffohr (Brugg)",
            "Leibstadt",
            "Lenzburg",
            "Magden",
            "Meisterschwanden",
            "Mellingen",
            "Menziken",
            "Merenschwand",
            "Möhlin",
            "Muhen",
            "Mumpf",
            "Murgenthal",
            "Muri",
            "Neuenhof",
            "Niederlenz",
            "Niederrohrdorf",
            "Oberentfelden",
            "Oberlunkhofen",
            "Oberrohrdorf",
            "Oberrüti",
            "Obersiggenthal",
            "Oftringen",
            "Othmarsingen",
            "Reinach",
            "Rheinfelden",
            "Rothrist",
            "Rudolfstetten",
            "Rupperswil",
            "Safenwil",
            "Sarmenstorf",
            "Schafisheim",
            "Schinznach Bad",
            "Schinznach Dorf",
            "Schöftland",
            "Schwaderloch",
            "Seengen",
            "Seon",
            "Sins",
            "Spreitenbach",
            "Staffelbach",
            "Staufen",
            "Stein",
            "Strengelbach",
            "Suhr",
            "Sulz",
            "Tegerfelden",
            "Teufenthal",
            "Turgi",
            "Uerkheim",
            "Unterkulm",
            "Unterlunkhofen",
            "Untersiggenthal",
            "Veltheim",
            "Villigen",
            "Villmergen",
            "Villnachern",
            "Vordemwald",
            "Waltenschwil",
            "Wegenstetten",
            "Wettingen",
            "Windisch",
            "Wittnau",
            "Wohlen",
            "Wölflinswil",
            "Würenlingen",
            "Würenlos",
            "Zofingen"
        ]
    },
    {
        "name": "Appenzell Ausserrhoden",
        "cities": [
            "Bezirk Hinterland",
            "Bezirk Mittelland",
            "Bezirk Vorderland",
            "Bühler",
            "Gais",
            "Heiden",
            "Herisau",
            "Rehetobel",
            "Schwellbrunn",
            "Speicher",
            "Teufen",
            "Trogen",
            "Urnäsch",
            "Waldstatt",
            "Walzenhausen"
        ]
    },
    {
        "name": "Appenzell Innerrhoden",
        "cities": [
            "Appenzell",
            "Gonten",
            "Haslen",
            "Oberegg"
        ]
    },
    {
        "name": "Basel-Land",
        "cities": [
            "Aesch",
            "Allschwil",
            "Arisdorf",
            "Arlesheim",
            "Bezirk Arlesheim",
            "Bezirk Laufen",
            "Bezirk Liestal",
            "Bezirk Sissach",
            "Bezirk Waldenburg",
            "Binningen",
            "Birsfelden",
            "Bottmingen",
            "Brislach",
            "Bubendorf",
            "Buus",
            "Diegten",
            "Ettingen",
            "Frenkendorf",
            "Füllinsdorf",
            "Gelterkinden",
            "Grellingen",
            "Hölstein",
            "Itingen",
            "Langenbruck",
            "Läufelfingen",
            "Laufen",
            "Lausen",
            "Liesberg",
            "Liestal",
            "Münchenstein",
            "Muttenz",
            "Oberdorf",
            "Oberwil",
            "Ormalingen",
            "Pfeffingen",
            "Pratteln",
            "Reigoldswil",
            "Röschenz",
            "Schönenbuch",
            "Seltisberg",
            "Sissach",
            "Therwil",
            "Wahlen",
            "Waldenburg",
            "Zunzgen",
            "Zwingen"
        ]
    },
    {
        "name": "Basel-Stadt",
        "cities": [
            "Basel",
            "Bettingen",
            "Riehen"
        ]
    },
    {
        "name": "Bern",
        "cities": [
            "Aarberg",
            "Aarwangen",
            "Adelboden",
            "Aeschi b. Spiez",
            "Arch",
            "Attiswil",
            "Bäriswil",
            "Bätterkinden",
            "Beatenberg",
            "Bellmund",
            "Belp",
            "Bern",
            "Bern-Mittelland District",
            "Bévilard",
            "Biel/Bienne",
            "Biel/Bienne District",
            "Biglen",
            "Blumenstein",
            "Bolligen",
            "Boltigen",
            "Bönigen",
            "Bowil",
            "Brienz",
            "Brügg",
            "Buchholterberg",
            "Burgdorf",
            "Burgistein",
            "Corgémont",
            "Court",
            "Courtelary",
            "Därligen",
            "Diemtigen",
            "Dürrenroth",
            "Eggiwil",
            "Emmental District",
            "Eriswil",
            "Erlach",
            "Erlenbach im Simmental",
            "Ersigen",
            "Evilard",
            "Ferenbalm",
            "Fraubrunnen",
            "Frauenkappelen",
            "Frutigen",
            "Frutigen-Niedersimmental District",
            "Grindelwald",
            "Grossaffoltern",
            "Gstaad",
            "Guggisberg",
            "Heimberg",
            "Heimiswil",
            "Hermiswil",
            "Herzogenbuchsee",
            "Hilterfingen",
            "Hindelbank",
            "Huttwil",
            "Ins",
            "Interlaken",
            "Interlaken-Oberhasli District",
            "Jegenstorf",
            "Jura bernois",
            "Kallnach",
            "Kandersteg",
            "Kappelen",
            "Kehrsatz",
            "Kirchberg",
            "Kirchlindach",
            "Köniz",
            "Konolfingen",
            "Koppigen",
            "Krauchthal",
            "La Neuveville",
            "Langenthal",
            "Langnau",
            "Laupen",
            "Lauperswil",
            "Lauterbrunnen",
            "Lengnau",
            "Lenk",
            "Leuzigen",
            "Liebefeld ",
            "Linden",
            "Lotzwil",
            "Lützelflüh",
            "Lyss",
            "Lyssach",
            "Madiswil",
            "Malleray",
            "Matten",
            "Meinisberg",
            "Meiringen",
            "Melchnau",
            "Moutier",
            "Mühleberg",
            "Mühlethurnen",
            "Münchenbuchsee",
            "Münchenwiler",
            "Münsingen",
            "Müntschemier",
            "Muri",
            "Nidau",
            "Niederbipp",
            "Oberaargau",
            "Oberbipp",
            "Oberburg",
            "Oberdiessbach",
            "Obersimmental-Saanen District",
            "Orpund",
            "Orvin",
            "Péry",
            "Pieterlen",
            "Radelfingen",
            "Reconvilier",
            "Riggisberg",
            "Ringgenberg",
            "Roggwil",
            "Rohrbach",
            "Rubigen",
            "Rüderswil",
            "Rüeggisberg",
            "Rüschegg",
            "Saanen",
            "Saint-Imier",
            "Sankt Stephan",
            "Schüpfen",
            "Seeberg",
            "Seedorf",
            "Seeland District",
            "Seftigen",
            "Signau",
            "Sigriswil",
            "Spiez",
            "Steffisburg",
            "Stettlen",
            "Sumiswald",
            "Täuffelen",
            "Tavannes",
            "Thierachern",
            "Thun",
            "Thun District",
            "Toffen",
            "Trachselwald",
            "Tramelan",
            "Trub",
            "Trubschachen",
            "Uetendorf",
            "Unterseen",
            "Urtenen",
            "Uttigen",
            "Utzenstorf",
            "Vechigen",
            "Walkringen",
            "Wangen an der Aare",
            "Wattenwil",
            "Wichtrach",
            "Wiedlisbach",
            "Wilderswil",
            "Wimmis",
            "Wohlen",
            "Worb",
            "Worben",
            "Wynau",
            "Wynigen",
            "Wyssachen",
            "Zäziwil",
            "Zollikofen",
            "Zweisimmen"
        ]
    },
    {
        "name": "Fribourg",
        "cities": [
            "Alterswil",
            "Attalens",
            "Avry-sur-Matran",
            "Bas-Vully",
            "Belfaux",
            "Bösingen",
            "Broc",
            "Broye District",
            "Bulle",
            "Charmey",
            "Châtel-Saint-Denis",
            "Corminboeuf",
            "Courgevaux",
            "Cugy",
            "Domdidier",
            "Düdingen",
            "Ecublens",
            "Ependes",
            "Estavayer-le-Lac",
            "Flamatt",
            "Fribourg",
            "Giffers",
            "Givisiez",
            "Glâne District",
            "Grolley",
            "Gruyère District",
            "Gruyères",
            "Heitenried",
            "Kerzers",
            "La Roche",
            "La Tour-de-Trême",
            "Lake District",
            "Marly",
            "Marsens",
            "Mézières",
            "Murten/Morat",
            "Oberschrot",
            "Plaffeien",
            "Praroman",
            "Rechthalten",
            "Riaz",
            "Romont",
            "Rue",
            "Sâles",
            "Sankt Antoni",
            "Sarine District",
            "Schmitten",
            "Sense District",
            "Tafers",
            "Treyvaux",
            "Ueberstorf",
            "Veveyse District",
            "Villars-sur-Glâne",
            "Villaz-Saint-Pierre",
            "Vuadens"
        ]
    },
    {
        "name": "Geneva",
        "cities": [
            "Aire-la-Ville",
            "Anières",
            "Bellevue",
            "Bernex",
            "Carouge",
            "Chancy",
            "Chêne-Bougeries",
            "Chêne-Bourg",
            "Confignon",
            "Corsier",
            "Dardagny",
            "Genève",
            "Jussy",
            "Lancy",
            "Le Grand-Saconnex",
            "Les Avanchets",
            "Meinier",
            "Meyrin",
            "Onex",
            "Plan-les-Ouates",
            "Puplinge",
            "Satigny",
            "Thônex",
            "Troinex",
            "Vandœuvres",
            "Vernier",
            "Versoix",
            "Veyrier"
        ]
    },
    {
        "name": "Glarus",
        "cities": [
            "Bilten",
            "Ennenda",
            "Glarus",
            "Linthal",
            "Luchsingen",
            "Mollis",
            "Näfels",
            "Netstal",
            "Niederurnen",
            "Oberurnen",
            "Schwanden"
        ]
    },
    {
        "name": "Graubünden",
        "cities": [
            "Arosa",
            "Arvigo",
            "Bonaduz",
            "Breíl",
            "Brusio",
            "Buseno",
            "Cauco",
            "Cazis",
            "Celerina",
            "Chur",
            "Churwalden",
            "Davos",
            "Disentis",
            "Domat",
            "Felsberg",
            "Flims",
            "Grüsch",
            "Hinterrhein",
            "Igis",
            "Ilanz",
            "Jenaz",
            "Klosters Serneus",
            "La Punt Chamues-ch",
            "Laax",
            "Landquart",
            "Lenzerheide",
            "Luzein",
            "Maienfeld",
            "Malans",
            "Mesocco",
            "Pontresina",
            "Poschiavo",
            "Region Albula",
            "Region Bernina",
            "Region Engiadina Bassa / Val Müstair",
            "Region Imboden",
            "Region Landquart",
            "Region Maloja",
            "Region Moesa",
            "Region Plessur",
            "Region Prättigau / Davos",
            "Region Surselva",
            "Region Viamala",
            "Rhäzüns",
            "Samedan",
            "Scharans",
            "Schiers",
            "Scuol",
            "Silvaplana",
            "St. Moritz",
            "Tamins",
            "Thusis",
            "Tiefencastel",
            "Trimmis",
            "Trun",
            "Untervaz",
            "Vals Platz",
            "Zernez",
            "Zizers",
            "Zuoz"
        ]
    },
    {
        "name": "Jura",
        "cities": [
            "Alle",
            "Bassecourt",
            "Boncourt",
            "Courfaivre",
            "Courgenay",
            "Courrendlin",
            "Courroux",
            "Courtételle",
            "Delémont",
            "Delémont District",
            "Fontenais",
            "Franches-Montagnes District",
            "Glovelier",
            "Le Noirmont",
            "Les Bois",
            "Les Breuleux",
            "Porrentruy",
            "Porrentruy District",
            "Saignelégier",
            "Vicques"
        ]
    },
    {
        "name": "Lucerne",
        "cities": [
            "Adligenswil",
            "Altishofen",
            "Ballwil",
            "Beromünster",
            "Buchrain",
            "Büron",
            "Buttisholz",
            "Dagmersellen",
            "Ebikon",
            "Eich",
            "Emmen",
            "Entlebuch",
            "Entlebuch District",
            "Escholzmatt",
            "Ettiswil",
            "Flühli",
            "Geuensee",
            "Grosswangen",
            "Gunzwil",
            "Hasle",
            "Hildisrieden",
            "Hitzkirch",
            "Hochdorf",
            "Hochdorf District",
            "Hohenrain",
            "Horw",
            "Inwil",
            "Knutwil",
            "Kriens",
            "Littau",
            "Lucerne-Land District",
            "Lucerne-Stadt District",
            "Luthern",
            "Luzern",
            "Malters",
            "Mauensee",
            "Meggen",
            "Meierskappel",
            "Menznau",
            "Nebikon",
            "Neudorf",
            "Neuenkirch",
            "Nottwil",
            "Oberkirch",
            "Pfaffnau",
            "Reiden",
            "Römerswil",
            "Root",
            "Ruswil",
            "Schenkon",
            "Schötz",
            "Schüpfheim",
            "Schwarzenberg",
            "Sempach",
            "Sursee",
            "Sursee District",
            "Triengen",
            "Udligenswil",
            "Vitznau",
            "Wauwil",
            "Weggis",
            "Werthenstein",
            "Wikon",
            "Willisau",
            "Willisau District",
            "Wolhusen",
            "Zell"
        ]
    },
    {
        "name": "Neuchâtel",
        "cities": [
            "Auvernier",
            "Bevaix",
            "Boudry",
            "Boudry District",
            "Cernier",
            "Chézard-Saint-Martin",
            "Cornaux",
            "Cortaillod",
            "Couvet",
            "Dombresson",
            "Fleurier",
            "Fontainemelon",
            "Gorgier",
            "Grand-Savagnier",
            "La Chaux-de-Fonds",
            "La Chaux-de-Fonds District",
            "Le Landeron",
            "Le Locle",
            "Le Locle District",
            "Les Brenets",
            "Les Geneveys-sur-Coffrane",
            "Les Ponts-de-Martel",
            "Marin-Epagnier",
            "Neuchâtel",
            "Neuchâtel District",
            "Peseux",
            "Saint-Aubin-Sauges",
            "Saint-Blaise",
            "Travers",
            "Val-de-Ruz District",
            "Val-de-Travers District"
        ]
    },
    {
        "name": "Nidwalden",
        "cities": [
            "Beckenried",
            "Buochs",
            "Dallenwil",
            "Emmetten",
            "Ennetbürgen",
            "Hergiswil",
            "Stans",
            "Stansstad",
            "Wolfenschiessen"
        ]
    },
    {
        "name": "Obwalden",
        "cities": [
            "Alpnach",
            "Engelberg",
            "Giswil",
            "Kerns",
            "Lungern",
            "Sachseln",
            "Sarnen"
        ]
    },
    {
        "name": "Schaffhausen",
        "cities": [
            "Beringen",
            "Bezirk Oberklettgau",
            "Bezirk Reiat",
            "Bezirk Schaffhausen",
            "Bezirk Schleitheim",
            "Bezirk Stein",
            "Bezirk Unterklettgau",
            "Hallau",
            "Löhningen",
            "Neuhausen",
            "Neunkirch",
            "Ramsen",
            "Schaffhausen",
            "Schleitheim",
            "Stein am Rhein",
            "Stetten",
            "Thayngen",
            "Wilchingen"
        ]
    },
    {
        "name": "Schwyz",
        "cities": [
            "Altendorf",
            "Arth",
            "Bäch",
            "Bezirk Einsiedeln",
            "Bezirk Gersau",
            "Bezirk Höfe",
            "Bezirk Küssnacht",
            "Bezirk March",
            "Bezirk Schwyz",
            "Einsiedeln",
            "Feusisberg",
            "Freienbach",
            "Gersau",
            "Goldau",
            "Ibach",
            "Ingenbohl",
            "Küssnacht",
            "Lachen",
            "Muotathal",
            "Pfäffikon",
            "Reichenburg",
            "Rothenthurm",
            "Sattel",
            "Schindellegi",
            "Schübelbach",
            "Schwyz",
            "Siebnen",
            "Steinen",
            "Tuggen",
            "Unteriberg",
            "Vorderthal",
            "Wollerau"
        ]
    },
    {
        "name": "Solothurn",
        "cities": [
            "Balsthal",
            "Bettlach",
            "Bezirk Bucheggberg",
            "Bezirk Dorneck",
            "Bezirk Gäu",
            "Bezirk Gösgen",
            "Bezirk Lebern",
            "Bezirk Olten",
            "Bezirk Solothurn",
            "Bezirk Thal",
            "Bezirk Thierstein",
            "Bezirk Wasseramt",
            "Biberist",
            "Breitenbach",
            "Büsserach",
            "Deitingen",
            "Derendingen",
            "Dornach",
            "Egerkingen",
            "Erlinsbach",
            "Fulenbach",
            "Gerlafingen",
            "Grenchen",
            "Gunzgen",
            "Hägendorf",
            "Himmelried",
            "Hochwald",
            "Kleinlützel",
            "Kriegstetten",
            "Langendorf",
            "Laupersdorf",
            "Lostorf",
            "Luterbach",
            "Matzendorf",
            "Messen",
            "Niedergösgen",
            "Nunningen",
            "Oberbuchsiten",
            "Obergösgen",
            "Oensingen",
            "Olten",
            "Riedholz",
            "Rodersdorf",
            "Rohr",
            "Schönenwerd",
            "Selzach",
            "Solothurn",
            "Subingen",
            "Trimbach",
            "Wangen",
            "Welschenrohr",
            "Wolfwil",
            "Zuchwil"
        ]
    },
    {
        "name": "St. Gallen",
        "cities": [
            "Altstätten",
            "Amden",
            "Andwil",
            "Au",
            "Bad Ragaz",
            "Balgach",
            "Benken",
            "Bronschhofen",
            "Buchs",
            "Bütschwil",
            "Degersheim",
            "Diepoldsau",
            "Ebnat-Kappel",
            "Eggersriet",
            "Eichberg",
            "Eschenbach",
            "Flawil",
            "Flums",
            "Gams",
            "Ganterschwil",
            "Goldach",
            "Goldingen",
            "Gommiswald",
            "Gossau",
            "Grabs",
            "Haag (Rheintal)",
            "Häggenschwil",
            "Horn",
            "Jona",
            "Jonschwil",
            "Kaltbrunn",
            "Kirchberg",
            "Krummenau",
            "Lichtensteig",
            "Lütisburg",
            "Mogelsberg",
            "Mörschwil",
            "Mosnang",
            "Muolen",
            "Niederbüren",
            "Niederhelfenschwil",
            "Oberhelfenschwil",
            "Oberriet",
            "Oberuzwil",
            "Quarten",
            "Rapperswil",
            "Rebstein",
            "Rheineck",
            "Rorschach",
            "Rüthi",
            "Sankt Gallen",
            "Sankt Gallenkappel",
            "Sankt Margrethen",
            "Sankt Peterzell",
            "Sargans",
            "Schänis",
            "Schmerikon",
            "Sennwald",
            "Sevelen",
            "Thal",
            "Uznach",
            "Uzwil",
            "Wahlkreis Rheintal",
            "Wahlkreis Rorschach",
            "Wahlkreis Sarganserland",
            "Wahlkreis See-Gaster",
            "Wahlkreis St. Gallen",
            "Wahlkreis Toggenburg",
            "Wahlkreis Werdenberg",
            "Wahlkreis Wil",
            "Waldkirch",
            "Walenstadt",
            "Wattwil",
            "Weesen",
            "Wil",
            "Wildhaus",
            "Wittenbach",
            "Zuzwil"
        ]
    },
    {
        "name": "Thurgau",
        "cities": [
            "Aadorf",
            "Affeltrangen",
            "Altnau",
            "Amriswil",
            "Arbon",
            "Arbon District",
            "Berg",
            "Bottighofen",
            "Bürglen",
            "Diessenhofen",
            "Egnach",
            "Erlen",
            "Ermatingen",
            "Eschenz",
            "Eschlikon",
            "Fischingen",
            "Frauenfeld",
            "Frauenfeld District",
            "Gachnang",
            "Gottlieben",
            "Güttingen",
            "Homburg",
            "Hüttwilen",
            "Kreuzlingen",
            "Kreuzlingen District",
            "Langrickenbach",
            "Märstetten-Dorf",
            "Matzingen",
            "Müllheim",
            "Münchwilen",
            "Münchwilen District",
            "Münsterlingen",
            "Pfyn",
            "Rickenbach bei Wil",
            "Roggwil",
            "Romanshorn",
            "Salmsach",
            "Sirnach",
            "Steckborn",
            "Stettfurt",
            "Sulgen",
            "Tägerwilen",
            "Thundorf",
            "Uttwil",
            "Wagenhausen",
            "Wängi",
            "Weinfelden",
            "Weinfelden District",
            "Wigoltingen"
        ]
    },
    {
        "name": "Ticino",
        "cities": [
            "Acquarossa",
            "Agno",
            "Airolo",
            "Arzo",
            "Ascona",
            "Balerna",
            "Bellinzona",
            "Bellinzona District",
            "Biasca",
            "Bioggio",
            "Blenio District",
            "Bodio",
            "Brissago",
            "Cadempino",
            "Cadenazzo",
            "Cadro",
            "Camorino",
            "Canobbio",
            "Caslano",
            "Castel San Pietro",
            "Cevio",
            "Chiasso",
            "Claro",
            "Comano",
            "Cugnasco",
            "Faido",
            "Giubiasco",
            "Gordola",
            "Gravesano",
            "Lavertezzo",
            "Leventina District",
            "Ligornetto",
            "Locarno",
            "Locarno District",
            "Lodrino",
            "Losone",
            "Lugano",
            "Lugano District",
            "Lumino",
            "Magadino",
            "Malvaglia",
            "Massagno",
            "Melano",
            "Melide",
            "Mendrisio",
            "Mendrisio District",
            "Minusio",
            "Montagnola",
            "Monte Carasso",
            "Morbio Inferiore",
            "Muralto",
            "Novazzano",
            "Pregassona",
            "Pura",
            "Riva San Vitale",
            "Riviera District",
            "Sementina",
            "Sorengo",
            "Stabio",
            "Tesserete",
            "Vallemaggia District",
            "Verscio",
            "Viganello"
        ]
    },
    {
        "name": "Uri",
        "cities": [
            "Altdorf",
            "Andermatt",
            "Attinghausen",
            "Bauen",
            "Bürglen",
            "Erstfeld",
            "Flüelen",
            "Schattdorf",
            "Seedorf",
            "Silenen"
        ]
    },
    {
        "name": "Valais",
        "cities": [
            "Ardon",
            "Ayent",
            "Bagnes",
            "Baltschieder",
            "Basse-Nendaz",
            "Brig",
            "Brig District",
            "Chalais",
            "Chamoson",
            "Champéry",
            "Charrat",
            "Chermignon-d’en Haut",
            "Chippis",
            "Collombey-Muraz",
            "Conthey",
            "Conthey District",
            "Entremont District",
            "Evionnaz",
            "Evolène",
            "Fiesch",
            "Fully",
            "Gampel",
            "Goms District",
            "Grächen",
            "Grimisuat",
            "Grône",
            "Hérémence",
            "Hérens District",
            "Lens",
            "Leuk",
            "Leuk District",
            "Leukerbad",
            "Leytron",
            "Martigny District",
            "Martigny-Combe",
            "Martigny-Ville",
            "Montana",
            "Monthey",
            "Monthey District",
            "Naters",
            "Orsières",
            "Randogne",
            "Raron",
            "Raron District",
            "Riddes",
            "Saas-Fee",
            "Saas-Grund",
            "Saillon",
            "Saint-Léonard",
            "Saint-Maurice",
            "Saint-Maurice District",
            "Salgesch",
            "Salvan",
            "Sankt Niklaus",
            "Savièse",
            "Saxon",
            "Sierre",
            "Sierre District",
            "Sion District",
            "Sitten",
            "Stalden",
            "Tanay",
            "Troistorrents",
            "Turtmann",
            "Varen",
            "Verbier",
            "Vernayaz",
            "Vétroz",
            "Vex",
            "Vionnaz",
            "Visp",
            "Visp District",
            "Visperterminen",
            "Vouvry",
            "Zermatt"
        ]
    },
    {
        "name": "Vaud",
        "cities": [
            "Aigle",
            "Aigle District",
            "Apples",
            "Arzier",
            "Aubonne",
            "Avenches",
            "Ballens",
            "Bavois",
            "Begnins",
            "Belmont-sur-Lausanne",
            "Berolle",
            "Bex",
            "Bière",
            "Blécherette",
            "Blonay",
            "Bottens",
            "Broye-Vully District",
            "Bussigny",
            "Caux",
            "Chardonne",
            "Château-d'Oex",
            "Chavannes",
            "Chavannes-le-Veyron",
            "Chavornay",
            "Cheseaux",
            "Chevilly",
            "Chexbres",
            "Colombier",
            "Coppet",
            "Cossonay",
            "Crissier",
            "Cuarnens",
            "Cully",
            "Echallens",
            "Ecublens",
            "Epalinges",
            "Ferreyres",
            "Founex",
            "Froideville",
            "Genolier",
            "Gimel",
            "Gland",
            "Grancy",
            "Grandson",
            "Gros-de-Vaud District",
            "Gryon",
            "Jongny",
            "Jura-Nord vaudois District",
            "La Sarraz",
            "La Tour-de-Peilz",
            "Lausanne",
            "Lausanne District",
            "Lavaux-Oron District",
            "Le Chenit",
            "Le Mont-sur-Lausanne",
            "Le Vaud",
            "Leysin",
            "Lucens",
            "Lutry",
            "Mauraz",
            "Mollens",
            "Montagny",
            "Montreux",
            "Morges",
            "Morges District",
            "Moudon",
            "Nyon",
            "Nyon District",
            "Ollon",
            "Orbe",
            "Oron-la-Ville",
            "Ouest Lausannois District",
            "Pailly",
            "Palézieux",
            "Pampigny",
            "Paudex",
            "Payerne",
            "Penthalaz",
            "Penthéréaz",
            "Perroy",
            "Pompaples",
            "Prangins",
            "Préverenges",
            "Prilly",
            "Puidoux",
            "Pully",
            "Renens",
            "Riviera-Pays-d'Enhaut District",
            "Rolle",
            "Romanel-sur-Lausanne",
            "Saint-Cergue",
            "Saint-Livres",
            "Saint-Prex",
            "Sainte-Croix",
            "Saubraz",
            "Savigny",
            "Sottens",
            "Trélex",
            "Vallorbe",
            "Vevey",
            "Villars-sur-Ollon",
            "Villeneuve",
            "Vuarrens",
            "Yverdon-les-Bains",
            "Yvonand"
        ]
    },
    {
        "name": "Zug",
        "cities": [
            "Baar",
            "Cham",
            "Hünenberg",
            "Menzingen",
            "Rotkreuz",
            "Steinhausen",
            "Unterägeri",
            "Walchwil",
            "Zug"
        ]
    },
    {
        "name": "Zürich",
        "cities": [
            "Adliswil",
            "Adliswil / Adliswil (Stadtkern)",
            "Adliswil / Hündli-Zopf",
            "Adliswil / Oberleimbach",
            "Adliswil / Sonnenberg",
            "Adliswil / Sood",
            "Adliswil / Tal",
            "Aesch",
            "Affoltern / Hasenbüel",
            "Affoltern / Oberdorf",
            "Affoltern / Sonnenberg",
            "Affoltern / Unterdorf",
            "Affoltern am Albis",
            "Andelfingen",
            "Au",
            "Au / Mittel-Dorf",
            "Au / Unter-Dorf",
            "Bachenbülach",
            "Bäretswil",
            "Bassersdorf",
            "Bauma",
            "Benglen",
            "Bezirk Affoltern",
            "Bezirk Andelfingen",
            "Bezirk Bülach",
            "Bezirk Dielsdorf",
            "Bezirk Dietikon",
            "Bezirk Hinwil",
            "Bezirk Horgen",
            "Bezirk Meilen",
            "Bezirk Pfäffikon",
            "Bezirk Uster",
            "Bezirk Winterthur",
            "Bezirk Zürich",
            "Binz",
            "Binzikon",
            "Birchwil",
            "Birmensdorf",
            "Bonstetten",
            "Brütten",
            "Brüttisellen",
            "Bubikon",
            "Bülach",
            "Bülach / Gstückt",
            "Bülach / Seematt",
            "Bülach / Soligänter",
            "Dachsen",
            "Dällikon / Dällikon (Dorf)",
            "Dänikon",
            "Dielsdorf",
            "Dietikon",
            "Dietikon / Almend",
            "Dietikon / Guggenbühl",
            "Dietikon / Hofacker",
            "Dietikon / Kreuzacker",
            "Dietikon / Oberdorf",
            "Dietikon / Schönenwerd",
            "Dietikon / Vorstadt",
            "Dietlikon / Dietlikon (Dorf)",
            "Dietlikon / Eichwiesen",
            "Dorf",
            "Dübendorf",
            "Dübendorf / Kunklerstrasse",
            "Dübendorf / Sonnenberg",
            "Dübendorf / Vogelquartier",
            "Dübendorf / Wasserfurren",
            "Dürnten",
            "Ebmatingen",
            "Effretikon",
            "Effretikon / Rappenhalde-Bannhalde",
            "Effretikon / Rikon",
            "Effretikon / Watt",
            "Egg",
            "Elgg",
            "Elgg / Städtchen und Umgebung",
            "Elsau-Räterschen",
            "Elsau-Räterschen / Räterschen",
            "Embrach",
            "Embrach / Embrach (Dorfkern)",
            "Embrach / Kellersacker",
            "Erlenbach",
            "Erlenbach / links des Dorfbachs oberhalb Bahnlinie",
            "Erlenbach / rechts des Dorfbachs oberhalb Bahnlinie",
            "Esslingen",
            "Fällanden",
            "Fehraltorf",
            "Feldmeilen",
            "Feuerthalen",
            "Flurlingen",
            "Freienstein",
            "Gattikon",
            "Geroldswil",
            "Glattbrugg",
            "Glattbrugg / Rohr/Platten-Balsberg",
            "Glattbrugg / Wydacker/Bettacker/Lättenwiesen",
            "Glattfelden",
            "Gockhausen",
            "Gossau",
            "Greifensee",
            "Greifensee / Müllerwis / Seilerwis",
            "Greifensee / Pfisterhölzli",
            "Grossacker/Opfikon",
            "Grüt",
            "Gutenswil",
            "Hadlikon",
            "Hausen am Albis / Hausen (Dorf)",
            "Hedingen",
            "Hegnau",
            "Hegnau / Dammboden-Grindel",
            "Hegnau / Sunnebüel-Eich",
            "Henggart",
            "Herrliberg",
            "Hettlingen",
            "Hinteregg",
            "Hinwil",
            "Hittnau / Hittnau (Dorf)",
            "Hochfelden",
            "Hofstetten",
            "Hombrechtikon",
            "Horgen",
            "Horgen / Allmend",
            "Horgen / Horgen (Dorfkern)",
            "Horgen / Oberdorf",
            "Horgen / Scheller-Stockerstrasse",
            "Höri",
            "Illnau",
            "Illnau / Unter-Illnau",
            "Kilchberg",
            "Kilchberg / Bächler-Stocken",
            "Kilchberg / Kilchberg (Dorfkern)",
            "Kindhausen / Kindhausen (Dorf)",
            "Kleinandelfingen",
            "Kloten",
            "Kloten / Balsberg",
            "Kloten / Freienberg (Chanzler-Chlini Chaseren)",
            "Kloten / Geissberg",
            "Kloten / Holberg",
            "Kloten / Horainli",
            "Kloten / Hostrass",
            "Kloten / Kloten (Zentrum)",
            "Kloten / Rütlen",
            "Kloten / Spitz",
            "Knonau",
            "Kollbrunn",
            "Kollbrunn / Kollbrunn (Dorfkern)",
            "Küsnacht",
            "Küsnacht / Dorf",
            "Küsnacht / Goldbach",
            "Küsnacht / Heslibach",
            "Küsnacht / Itschnach",
            "Küsnacht / Schiedhalden",
            "Langnau / Langnau (Dorf)",
            "Langnau / Vitaquartier",
            "Langnau am Albis",
            "Männedorf",
            "Männedorf / Ausserfeld",
            "Männedorf / Dorfkern",
            "Marthalen",
            "Mattenbach (Kreis 7)",
            "Mattenbach (Kreis 7) / Deutweg",
            "Mattenbach (Kreis 7) / Endliker",
            "Mattenbach (Kreis 7) / Gutschick",
            "Meilen",
            "Mettmenstetten",
            "Mönchaltorf",
            "Mönchaltorf / Dorf",
            "Mühlehalde",
            "Nänikon",
            "Nänikon / Nänikon (Dorfkern)",
            "Neerach",
            "Neftenbach / Dorf Neftenbach",
            "Niederglatt",
            "Niederglatt / Niederglatt (Dorfkern)",
            "Niederhasli",
            "Nürensdorf",
            "Oberengstringen",
            "Oberengstringen / Rauchacher",
            "Oberengstringen / Sonnenberg",
            "Oberengstringen / Zentrum",
            "Oberglatt",
            "Oberglatt / Bahnhofquartier",
            "Oberglatt / Oberglatt (Dorfkern)",
            "Obermeilen",
            "Oberrieden",
            "Oberrieden / Berg",
            "Oberrieden / Mitte",
            "Oberwinterthur (Kreis 2)",
            "Oberwinterthur (Kreis 2) / Guggenbühl",
            "Oberwinterthur (Kreis 2) / Hegi",
            "Oberwinterthur (Kreis 2) / Talacker",
            "Oberwinterthur (Kreis 2) / Zinzikon",
            "Obfelden",
            "Obfelden / Oberlunnern",
            "Obfelden / Toussen",
            "Oetwil",
            "Opfikon",
            "Otelfingen",
            "Ottenbach",
            "Pfaffhausen",
            "Pfäffikon",
            "Pfäffikon / Irgenhausen",
            "Pfäffikon / Pfäffikon (Dorfkern)",
            "Pfungen",
            "Rafz",
            "Regensdorf",
            "Regensdorf / Feldblumen-Riedthofstrasse",
            "Regensdorf / Hofacher-Geeren",
            "Regensdorf / Obstgarten",
            "Richterswil",
            "Richterswil / Burghalde",
            "Richterswil / Dorfkern",
            "Richterswil / Richterswil (Dorfkern)",
            "Rorbas",
            "Rümlang",
            "Rümlang / Rümlang (Dorfkern)",
            "Rüschlikon",
            "Russikon",
            "Rüti",
            "Rüti / Dorfzentrum Südl. Teil",
            "Rüti / Oberdorf",
            "Rüti / Westlicher Dorfteil",
            "Samstagern",
            "Schachen",
            "Schlieren",
            "Schlieren / Boden",
            "Schlieren / Engstingerquartier",
            "Schlieren / Freiestrasse",
            "Schlieren / Kamp",
            "Schlieren / Spital",
            "Schlieren / Zentrum",
            "Schwerzenbach",
            "Schwerzenbach / Blatten",
            "Schwerzenbach / Chimli",
            "Seen (Kreis 3)",
            "Seen (Kreis 3) / Büelwiesen",
            "Seen (Kreis 3) / Ganzenbühl",
            "Seen (Kreis 3) / Oberseen",
            "Seen (Kreis 3) / Waldegg",
            "Seen (Kreis 3) / Waser",
            "Seglingen",
            "Sellenbüren",
            "Seuzach / Seuzach (Dorf)",
            "Seuzach Dorf",
            "Seuzach Dorf / Breite-Weid",
            "Sonnhalde",
            "Stadt Winterthur (Kreis 1)",
            "Stadt Winterthur (Kreis 1) / Altstadt",
            "Stadt Winterthur (Kreis 1) / Brühlberg",
            "Stadt Winterthur (Kreis 1) / Heiligberg",
            "Stadt Winterthur (Kreis 1) / Lind",
            "Stadt Winterthur (Kreis 1) / Neuwiesen",
            "Stadt Winterthur (Kreis 1) / Tössfeld",
            "Stäfa",
            "Steinmaur",
            "Sulz",
            "Tagelswangen",
            "Tann",
            "Tann / Tann (Dorfkern)",
            "Thalwil",
            "Thalwil / Berg",
            "Thalwil / Dorfkern",
            "Thalwil / Nord",
            "Thalwil / See",
            "Thalwil / Süd",
            "Töss (Kreis 4)",
            "Töss (Kreis 4) / Eichliacker",
            "Töss (Kreis 4) / Schlosstal",
            "Töss (Kreis 4) / Vorder-Dättnau",
            "Turbenthal",
            "Uerikon",
            "Uetikon",
            "Uetikon / Grossdorf",
            "Uhwiesen",
            "Uitikon",
            "Unterengstringen",
            "Urdorf",
            "Urdorf / Bodenfeld",
            "Urdorf / Moos",
            "Urdorf / Oberurdorf",
            "Uster",
            "Uster / Gschwader",
            "Uster / Kirch-Uster",
            "Uster / Nieder-Uster",
            "Uster / Nossikon",
            "Uster / Ober-Uster",
            "Veltheim (Kreis 5)",
            "Veltheim (Kreis 5) / Blumenau",
            "Veltheim (Kreis 5) / Rosenberg",
            "Volketswil / Volketswil (Dorf)",
            "Wädenswil",
            "Wädenswil / Boller-Giessen",
            "Wädenswil / Büelen",
            "Wädenswil / Dorf (Wädenswil)",
            "Wädenswil / Eichweid",
            "Wädenswil / Hangenmoos",
            "Wädenswil / Leihof-Mühlebach",
            "Wädenswil / Untermosen-Fuhr",
            "Wald",
            "Wallisellen",
            "Wallisellen / Rieden",
            "Wallisellen / Wallisellen-Ost",
            "Wallisellen / Wallisellen-West",
            "Wangen",
            "Weiningen",
            "Weisslingen",
            "Wettswil / Ausser-Dorf",
            "Wettswil / Wettswil (Dorf)",
            "Wetzikon",
            "Wetzikon / Kempten",
            "Wetzikon / Ober-Wetzikon",
            "Wetzikon / Robenhausen",
            "Wetzikon / Unter-Wetzikon",
            "Wiesendangen / Wiesendangen (Dorf)",
            "Wila",
            "Winterthur",
            "Wolfhausen",
            "Wülflingen (Kreis 6)",
            "Wülflingen (Kreis 6) / Härti",
            "Wülflingen (Kreis 6) / Lindenplatz",
            "Wülflingen (Kreis 6) / Niederfeld",
            "Wülflingen (Kreis 6) / Oberfeld",
            "Zollikerberg",
            "Zollikon",
            "Zumikon",
            "Zürich",
            "Zürich (Kreis 1)",
            "Zürich (Kreis 1) / City",
            "Zürich (Kreis 1) / Lindenhof",
            "Zürich (Kreis 1) / Rathaus",
            "Zürich (Kreis 10)",
            "Zürich (Kreis 10) / Höngg",
            "Zürich (Kreis 10) / Rütihof",
            "Zürich (Kreis 10) / Wipkingen",
            "Zürich (Kreis 11)",
            "Zürich (Kreis 11) / Affoltern",
            "Zürich (Kreis 11) / Oerlikon",
            "Zürich (Kreis 11) / Schwandenholz",
            "Zürich (Kreis 11) / Seebach",
            "Zürich (Kreis 12)",
            "Zürich (Kreis 12) / Auzelg",
            "Zürich (Kreis 12) / Hirzenbach",
            "Zürich (Kreis 12) / Saatlen",
            "Zürich (Kreis 12) / Schwamendingen-Mitte",
            "Zürich (Kreis 2)",
            "Zürich (Kreis 2) / Enge",
            "Zürich (Kreis 2) / Mittel-Leimbach",
            "Zürich (Kreis 2) / Unter-Leimbach",
            "Zürich (Kreis 2) / Wollishofen",
            "Zürich (Kreis 3)",
            "Zürich (Kreis 3) / Alt-Wiedikon",
            "Zürich (Kreis 3) / Friesenberg",
            "Zürich (Kreis 3) / Sihlfeld",
            "Zürich (Kreis 4) / Aussersihl",
            "Zürich (Kreis 4) / Hard",
            "Zürich (Kreis 4) / Langstrasse",
            "Zürich (Kreis 4) / Werd",
            "Zürich (Kreis 5)",
            "Zürich (Kreis 5) / Escher-Wyss",
            "Zürich (Kreis 5) / Gewerbeschule",
            "Zürich (Kreis 6)",
            "Zürich (Kreis 6) / Oberstrass",
            "Zürich (Kreis 6) / Unterstrass",
            "Zürich (Kreis 7)",
            "Zürich (Kreis 7) / Fluntern",
            "Zürich (Kreis 7) / Hirslanden",
            "Zürich (Kreis 7) / Hottingen",
            "Zürich (Kreis 7) / Witikon",
            "Zürich (Kreis 8)",
            "Zürich (Kreis 8) / Mühlebach",
            "Zürich (Kreis 8) / Seefeld",
            "Zürich (Kreis 8) / Weinegg",
            "Zürich (Kreis 9)",
            "Zürich (Kreis 9) / Albisrieden",
            "Zürich (Kreis 9) / Altstetten"
        ]
    }
]