[
    {
        "name": "Atlántida",
        "cities": [
            "Arizona",
            "Atenas de San Cristóbal",
            "Corozal",
            "El Pino",
            "El Porvenir",
            "El Triunfo de la Cruz",
            "Esparta",
            "Jutiapa",
            "La Ceiba",
            "La Masica",
            "La Unión",
            "Mezapa",
            "Nueva Armenia",
            "Sambo Creek",
            "San Antonio",
            "San Francisco",
            "San Juan Pueblo",
            "Santa Ana",
            "Tela",
            "Tornabé"
        ]
    },
    {
        "name": "Bay Islands",
        "cities": [
            "Coxen Hole",
            "French Harbor",
            "Guanaja",
            "José Santos Guardiola",
            "Roatán",
            "Sandy Bay",
            "Savannah Bight",
            "Utila"
        ]
    },
    {
        "name": "Choluteca",
        "cities": [
            "Apacilagua",
            "Choluteca",
            "Ciudad Choluteca",
            "Concepción de María",
            "Corpus",
            "Duyure",
            "El Corpus",
            "El Obraje",
            "El Puente",
            "El Triunfo",
            "Los Llanitos",
            "Marcovia",
            "Monjarás",
            "Morolica",
            "Namasigüe",
            "Orocuina",
            "Pespire",
            "San Antonio de Flores",
            "San Isidro",
            "San Jerónimo",
            "San José",
            "San José de Las Conchas",
            "San Marcos de Colón",
            "Santa Ana de Yusguare",
            "Santa Cruz"
        ]
    },
    {
        "name": "Colón",
        "cities": [
            "Balfate",
            "Bonito Oriental",
            "Corocito",
            "Cusuna",
            "Elíxir",
            "Francia",
            "Iriona",
            "Jericó",
            "La Brea",
            "La Esperanza",
            "Limón",
            "Municipio de Sabá",
            "Prieta",
            "Puerto Castilla",
            "Punta Piedra",
            "Quebrada de Arena",
            "Río Esteban",
            "Sabá",
            "Salamá",
            "Santa Fe",
            "Santa Rosa de Aguán",
            "Sonaguera",
            "Taujica",
            "Tocoa",
            "Trujillo",
            "Zamora"
        ]
    },
    {
        "name": "Comayagua",
        "cities": [
            "Aguas del Padre",
            "Ajuterique",
            "Cerro Blanco",
            "Comayagua",
            "Concepción de Guasistagua",
            "El Agua Dulcita",
            "El Porvenir",
            "El Rancho",
            "El Rincón",
            "El Rosario",
            "El Sauce",
            "El Socorro",
            "Esquías",
            "Flores",
            "Humuya",
            "Jamalteca",
            "La Libertad",
            "La Trinidad",
            "Lamaní",
            "Las Lajas",
            "Lejamaní",
            "Meámbar",
            "Minas de Oro",
            "Ojos de Agua",
            "Potrerillos",
            "Río Bonito",
            "San Antonio de la Cuesta",
            "San Jerónimo",
            "San José de Comayagua",
            "San José del Potrero",
            "San Luis",
            "San Sebastián",
            "Siguatepeque",
            "Taulabé",
            "Valle de Ángeles",
            "Villa de San Antonio"
        ]
    },
    {
        "name": "Copán",
        "cities": [
            "Agua Caliente",
            "Buenos Aires",
            "Cabañas",
            "Chalmeca",
            "Concepción",
            "Concepción de la Barranca",
            "Copán",
            "Copán Ruinas",
            "Corquín",
            "Cucuyagua",
            "Dolores",
            "Dulce Nombre",
            "El Corpus",
            "El Ocotón",
            "El Paraíso",
            "Florida",
            "La Entrada",
            "La Jigua",
            "La Playona",
            "La Unión",
            "La Zumbadora",
            "Los Tangos",
            "Nueva Arcadia",
            "Ojos de Agua",
            "Pueblo Nuevo",
            "Quezailica",
            "San Agustín",
            "San Antonio",
            "San Jerónimo",
            "San Joaquín",
            "San José",
            "San José de Copán",
            "San Juan de Opoa",
            "San Juan de Planes",
            "San Nicolás",
            "San Pedro de Copán",
            "Santa Rita",
            "Santa Rita Copan",
            "Santa Rosa de Copán",
            "Trinidad de Copán",
            "Veracruz"
        ]
    },
    {
        "name": "Cortés",
        "cities": [
            "Agua Azul",
            "Agua Azul Rancho",
            "Armenta",
            "Baja Mar",
            "Baracoa",
            "Bejuco",
            "Cañaveral",
            "Casa Quemada",
            "Chivana",
            "Choloma",
            "Chotepe",
            "Cofradía",
            "Cuyamel",
            "El Llano",
            "El Marañón",
            "El Milagro",
            "El Olivar",
            "El Perico",
            "El Plan",
            "El Porvenir",
            "El Rancho",
            "El Tigre",
            "El Zapotal del Norte",
            "La Guama",
            "La Huesa",
            "La Jutosa",
            "La Lima",
            "La Sabana",
            "Los Caminos",
            "Los Naranjos",
            "Monterrey",
            "Nuevo Chamelecón",
            "Omoa",
            "Oropéndolas",
            "Peña Blanca",
            "Pimienta",
            "Pimienta Vieja",
            "Potrerillos",
            "Pueblo Nuevo",
            "Puerto Alto",
            "Puerto Cortés",
            "Puerto Cortez",
            "Quebrada Seca",
            "Río Blanquito",
            "Río Chiquito",
            "Río Lindo",
            "San Antonio de Cortés",
            "San Buenaventura",
            "San Francisco de Yojoa",
            "San José del Boquerón",
            "San Manuel",
            "San Pedro Sula",
            "Santa Cruz de Yojoa",
            "Santa Elena",
            "Travesía",
            "Villanueva"
        ]
    },
    {
        "name": "El Paraíso",
        "cities": [
            "Alauca",
            "Araulí",
            "Cuyalí",
            "Danlí",
            "El Benque",
            "El Chichicaste",
            "El Obraje",
            "El Paraíso",
            "Güinope",
            "Jacaleapa",
            "Jutiapa",
            "Las Ánimas",
            "Las Trojes",
            "Liure",
            "Morocelí",
            "Municipio de Texiguat",
            "Ojo de Agua",
            "Oropolí",
            "Potrerillos",
            "Quebrada Larga",
            "San Antonio de Flores",
            "San Diego",
            "San Lucas",
            "San Matías",
            "Santa Cruz",
            "Soledad",
            "Teupasenti",
            "Texíguat",
            "Trojes",
            "Vado Ancho",
            "Yauyupe",
            "Yuscarán"
        ]
    },
    {
        "name": "Francisco Morazán",
        "cities": [
            "Agalteca",
            "Alubarén",
            "Cedros",
            "Cerro Grande",
            "Cofradía",
            "Curarén",
            "Distrito Central",
            "El Chimbo",
            "El Escanito",
            "El Escaño de Tepale",
            "El Guante",
            "El Guantillo",
            "El Guapinol",
            "El Lolo",
            "El Pedernal",
            "El Porvenir",
            "El Suyatal",
            "El Tablón",
            "El Terrero",
            "Guaimaca",
            "La Ermita",
            "La Libertad",
            "La Venta",
            "Lepaterique",
            "Maraita",
            "Marale",
            "Mata de Plátano",
            "Mateo",
            "Nueva Armenia",
            "Ojojona",
            "Orica",
            "Quebradas",
            "Reitoca",
            "Río Abajo",
            "Sabanagrande",
            "San Antonio de Oriente",
            "San Buenaventura",
            "San Ignacio",
            "San Juan de Flores",
            "San Miguelito",
            "Santa Ana",
            "Santa Lucía",
            "Talanga",
            "Támara",
            "Tatumbla",
            "Tegucigalpa",
            "Valle de Ángeles",
            "Vallecillo",
            "Villa de San Francisco",
            "Villa Nueva",
            "Yaguacire",
            "Zambrano"
        ]
    },
    {
        "name": "Gracias a Dios",
        "cities": [
            "Ahuas",
            "Auas",
            "Auka",
            "Barra Patuca",
            "Brus Laguna",
            "Iralaya",
            "Juan Francisco Bulnes",
            "Paptalaya",
            "Puerto Lempira",
            "Villeda Morales",
            "Wampusirpi",
            "Wawina"
        ]
    },
    {
        "name": "Intibucá",
        "cities": [
            "Camasca",
            "Colomoncagua",
            "Concepción",
            "Dolores",
            "Intibucá",
            "Jesús de Otoro",
            "Jiquinlaca",
            "La Esperanza",
            "Magdalena",
            "Masaguara",
            "San Antonio",
            "San Francisco de Opalaca",
            "San Isidro",
            "San Juan",
            "San Marcos de la Sierra",
            "San Miguelito",
            "Santa Lucía",
            "Yamaranguila"
        ]
    },
    {
        "name": "La Paz",
        "cities": [
            "Aguanqueterique",
            "Cabañas",
            "Cane",
            "Chinacla",
            "Guajiquiro",
            "La Paz",
            "Lauterique",
            "Los Planes",
            "Marcala",
            "Mercedes de Oriente",
            "Opatoro",
            "San Antonio del Norte",
            "San José",
            "San Juan",
            "San Pedro de Tutule",
            "Santa Ana",
            "Santa Elena",
            "Santa María",
            "Santiago Puringla",
            "Tepanguare",
            "Yarula",
            "Yarumela"
        ]
    },
    {
        "name": "Lempira",
        "cities": [
            "Belén",
            "Candelaria",
            "Cololaca",
            "El Achiotal",
            "Erandique",
            "Gracias",
            "Gualcince",
            "Guarita",
            "La Campa",
            "La Iguala",
            "La Libertad",
            "La Unión",
            "La Virtud",
            "Las Flores",
            "Las Tejeras",
            "Lepaera",
            "Mapulaca",
            "Piraera",
            "San Andrés",
            "San Francisco",
            "San Juan Guarita",
            "San Manuel Colohete",
            "San Marcos de Caiquin",
            "San Rafael",
            "San Sebastián",
            "Santa Cruz",
            "Talgua",
            "Tambla",
            "Taragual",
            "Tomalá",
            "Valladolid",
            "Virginia"
        ]
    },
    {
        "name": "Ocotepeque",
        "cities": [
            "Antigua Ocotepeque",
            "Belén Gualcho",
            "Concepción",
            "Dolores Merendón",
            "El Tránsito",
            "Fraternidad",
            "La Encarnación",
            "La Labor",
            "Lucerna",
            "Mercedes",
            "Nueva Ocotepeque",
            "San Fernando",
            "San Francisco de Cones",
            "San Francisco del Valle",
            "San Jorge",
            "San Marcos",
            "Santa Fe",
            "Santa Lucía",
            "Sensenti",
            "Sinuapa",
            "Yaruchel"
        ]
    },
    {
        "name": "Olancho",
        "cities": [
            "Arimís",
            "Campamento",
            "Catacamas",
            "Concordia",
            "Dulce Nombre de Culmí",
            "El Guayabito",
            "El Rosario",
            "El Rusio",
            "Esquipulas del Norte",
            "Gualaco",
            "Guarizama",
            "Guata",
            "Guayape",
            "Jano",
            "Juticalpa",
            "Jutiquile",
            "La Concepción",
            "La Estancia",
            "La Guata",
            "La Unión",
            "Laguna Seca",
            "Mangulile",
            "Manto",
            "Municipio de San Francisco de La Paz",
            "Patuca",
            "Punuare",
            "Salamá",
            "San Esteban",
            "San Francisco de Becerra",
            "San Francisco de la Paz",
            "San José de Río Tinto",
            "San Nicolás",
            "Santa María del Real",
            "Silca",
            "Yocón",
            "Zopilotepe"
        ]
    },
    {
        "name": "Santa Bárbara",
        "cities": [
            "Agualote",
            "Arada",
            "Atima",
            "Azacualpa",
            "Berlín",
            "Callejones",
            "Camalote",
            "Casa Quemada",
            "Ceguaca",
            "Chinda",
            "Concepción del Norte",
            "Concepción del Sur",
            "Correderos",
            "El Ciruelo",
            "El Corozal",
            "El Mochito",
            "El Níspero",
            "Guacamaya",
            "Gualala",
            "Gualjoco",
            "Ilama",
            "Joconal",
            "La Flecha",
            "Laguna Verde",
            "Las Vegas",
            "Las Vegas Santa Barbara",
            "Loma Alta",
            "Macuelizo",
            "Naco",
            "Naranjito",
            "Nueva Frontera",
            "Nueva Jalapa",
            "Nuevo Celilac",
            "Petoa",
            "Pinalejo",
            "Protección",
            "Quimistán",
            "San Francisco de Ojuera",
            "San José de Colinas",
            "San José de Tarros",
            "San Luis",
            "San Luis de Planes",
            "San Marcos",
            "San Nicolás",
            "San Pedro Zacapa",
            "San Vicente Centenario",
            "Santa Bárbara",
            "Santa Rita",
            "Sula",
            "Tras Cerros",
            "Trinidad"
        ]
    },
    {
        "name": "Valle",
        "cities": [
            "Agua Fría",
            "Alianza",
            "Amapala",
            "Aramecina",
            "Caridad",
            "El Cubolero",
            "El Tular",
            "Goascorán",
            "Jícaro Galán",
            "La Alianza",
            "La Criba",
            "Langue",
            "Nacaome",
            "San Francisco de Coray",
            "San Lorenzo"
        ]
    },
    {
        "name": "Yoro",
        "cities": [
            "Agua Blanca Sur",
            "Arenal",
            "Armenia",
            "Ayapa",
            "Bálsamo Oriental",
            "Carbajales",
            "Coyoles Central",
            "El Bálsamo",
            "El Juncal",
            "El Negrito",
            "El Ocote",
            "El Progreso",
            "Guaimitas",
            "Jocón",
            "La Estancia",
            "La Guacamaya",
            "La Mina",
            "La Rosa",
            "La Sarrosa",
            "La Trinidad",
            "Las Vegas",
            "Lomitas",
            "Mojimán",
            "Morazán",
            "Nombre de Jesús",
            "Nueva Esperanza",
            "Ocote Paulino",
            "Olanchito",
            "Paujiles",
            "Punta Ocote",
            "San Antonio",
            "San José",
            "Santa Rita",
            "Subirana",
            "Sulaco",
            "Teguajinal",
            "Tepusteca",
            "Toyós",
            "Trojas",
            "Victoria",
            "Yorito",
            "Yoro"
        ]
    }
]