[
    {
        "name": "Akershus",
        "cities": [
            "Åneby",
            "Årnes",
            "Ås",
            "Ask",
            "Asker",
            "Auli",
            "Aurskog-Høland",
            "Aursmoen",
            "Bærum",
            "Billingstad",
            "Bjørkelangen",
            "Blakstad",
            "Drøbak",
            "Eidsvoll",
            "Enebakk",
            "Fagerstrand",
            "Fet",
            "Fetsund",
            "Fjellfoten",
            "Flateby",
            "Frogn",
            "Frogner",
            "Gjerdrum",
            "Hurdal",
            "Jessheim",
            "Kløfta",
            "Leirsund",
            "Lillestrøm",
            "Lørenskog",
            "Lysaker",
            "Maura",
            "Nannestad",
            "Nes",
            "Neskollen",
            "Nesodden",
            "Nesoddtangen",
            "Nittedal",
            "Oppegård",
            "Råholt",
            "Rælingen",
            "Rotnes",
            "Skedsmo",
            "Ski",
            "Skui",
            "Sørum",
            "Sørumsand",
            "Ullensaker",
            "Vestby"
        ]
    },
    {
        "name": "Buskerud",
        "cities": [
            "Ål",
            "Åros",
            "Drammen",
            "Flå",
            "Flesberg",
            "Geilo",
            "Gol",
            "Hemsedal",
            "Hol",
            "Hole",
            "Hønefoss",
            "Hurum",
            "Hvittingfoss",
            "Kongsberg",
            "Krødsherad",
            "Lier",
            "Modum",
            "Nedre Eiker",
            "Nes",
            "Nesbyen",
            "Nore og Uvdal",
            "Noresund",
            "Øvre Eiker",
            "Prestfoss",
            "Ringerike",
            "Rollag",
            "Røyken",
            "Sætre",
            "Sigdal",
            "Skoger",
            "Tofte",
            "Tranby",
            "Vikersund"
        ]
    },
    {
        "name": "Finnmark",
        "cities": [
            "Alta",
            "Ávanuorri",
            "Båtsfjord",
            "Berlevåg",
            "Bjørnevatn",
            "Gamvik",
            "Hammerfest",
            "Hasvik",
            "Honningsvåg",
            "Kárášjohka",
            "Karasjok",
            "Kautokeino",
            "Kirkenes",
            "Kjøllefjord",
            "Kvalsund",
            "Lakselv",
            "Lebesby",
            "Loppa",
            "Måsøy",
            "Mehamn",
            "Nesseby",
            "Nordkapp",
            "Øksfjord",
            "Porsanger",
            "Rypefjord",
            "Sør-Varanger",
            "Tana",
            "Vadsø",
            "Vardø"
        ]
    },
    {
        "name": "Hedmark",
        "cities": [
            "Alvdal",
            "Åmot",
            "Åsnes",
            "Brumunddal",
            "Eidskog",
            "Elverum",
            "Engerdal",
            "Folldal",
            "Grue",
            "Hamar",
            "Innbygda",
            "Kirkenær",
            "Kongsvinger",
            "Koppang",
            "Løten",
            "Moelv",
            "Nord-Odal",
            "Os",
            "Rena",
            "Rendalen",
            "Ringsaker",
            "Sand",
            "Skarnes",
            "Skotterud",
            "Sør-Odal",
            "Spetalen",
            "Stange",
            "Stor-Elvdal",
            "Tolga",
            "Trysil",
            "Tynset",
            "Våler"
        ]
    },
    {
        "name": "Hordaland",
        "cities": [
            "Ågotnes",
            "Askøy",
            "Austevoll",
            "Austrheim",
            "Bergen",
            "Bømlo",
            "Dale",
            "Eidfjord",
            "Eikelandsosen",
            "Espeland",
            "Etne",
            "Fedje",
            "Fitjar",
            "Fjell",
            "Frekhaug",
            "Fusa",
            "Granvin",
            "Hagavik",
            "Hylkje",
            "Indre Arna",
            "Jondal",
            "Kinsarvik",
            "Knappskog",
            "Knarvik",
            "Kvam",
            "Kvinnherad",
            "Leirvik",
            "Lindås",
            "Lonevåg",
            "Manger",
            "Masfjorden",
            "Meland",
            "Modalen",
            "Mosterhamn",
            "Norheimsund",
            "Odda",
            "Os",
            "Osterøy",
            "Øygarden",
            "Øystese",
            "Radøy",
            "Rosendal",
            "Rubbestadneset",
            "Sagvåg",
            "Samnanger",
            "Sandsli",
            "Skogsvågen",
            "Stord",
            "Storebø",
            "Straume",
            "Sund",
            "Sveio",
            "Syfteland",
            "Tysnes",
            "Ullensvang",
            "Ulvik",
            "Vaksdal",
            "Voss",
            "Ytre Arna",
            "Ytrebygda"
        ]
    },
    {
        "name": "Jan Mayen",
        "cities": []
    },
    {
        "name": "Møre og Romsdal",
        "cities": [
            "Ålesund",
            "Åndalsnes",
            "Aukra",
            "Aure",
            "Averøy",
            "Batnfjordsøra",
            "Brattvåg",
            "Eide",
            "Eidsvåg",
            "Elnesvågen",
            "Fræna",
            "Giske",
            "Gjemnes",
            "Halsa",
            "Haram",
            "Hareid",
            "Herøy",
            "Hjelset",
            "Hopen",
            "Kristiansund",
            "Larsnes",
            "Midsund",
            "Molde",
            "Nesset",
            "Norddal",
            "Nordstranda",
            "Ørskog",
            "Ørsta",
            "Rauma",
            "Rensvik",
            "Sande",
            "Sandøy",
            "Sjøholt",
            "Skodje",
            "Smøla",
            "Steinshamn",
            "Stordal",
            "Stranda",
            "Sula",
            "Sunndal",
            "Sunndalsøra",
            "Surnadal",
            "Sykkylven",
            "Tingvoll",
            "Tomra",
            "Ulstein",
            "Ulsteinvik",
            "Ulsteinvik weather pws station",
            "Vanylven",
            "Vatne",
            "Vestnes",
            "Volda"
        ]
    },
    {
        "name": "Nord-Trøndelag",
        "cities": []
    },
    {
        "name": "Nordland",
        "cities": [
            "Alstahaug",
            "Andenes",
            "Andøy",
            "Ballangen",
            "Beiarn",
            "Bindal",
            "Bjerkvik",
            "Bodø",
            "Bogen",
            "Bø",
            "Brønnøy",
            "Brønnøysund",
            "Dønna",
            "Evenes",
            "Evjen",
            "Fauske",
            "Flakstad",
            "Gildeskål",
            "Gladstad",
            "Glomfjord",
            "Grane",
            "Gravdal",
            "Hadsel",
            "Hamarøy",
            "Hattfjelldal",
            "Hauknes",
            "Hemnes",
            "Hemnesberget",
            "Herøy",
            "Inndyr",
            "Kabelvåg",
            "Kjøpsvik",
            "Korgen",
            "Leirfjord",
            "Leknes",
            "Leland",
            "Løding",
            "Lødingen",
            "Løpsmarka",
            "Lurøy",
            "Melbu",
            "Meløy",
            "Mo i Rana",
            "Mosjøen",
            "Moskenes",
            "Myre",
            "Narvik",
            "Nesna",
            "Øksnes",
            "Ørnes",
            "Rana",
            "Reine",
            "Rognan",
            "Rødøy",
            "Røst",
            "Saltdal",
            "Sandnessjøen",
            "Sortland",
            "Sømna",
            "Sørfold",
            "Sørland",
            "Steigen",
            "Stokmarknes",
            "Straume",
            "Straumen",
            "Svolvær",
            "Terråk",
            "Tjeldsund",
            "Træna",
            "Trofors",
            "Tysfjord",
            "Vågan",
            "Værøy",
            "Vefsn",
            "Vega",
            "Vestvågøy",
            "Vevelstad",
            "Vik"
        ]
    },
    {
        "name": "Oppland",
        "cities": [
            "Bagn",
            "Dokka",
            "Dombås",
            "Dovre",
            "Etnedal",
            "Fagernes",
            "Fossbergom",
            "Gausdal",
            "Gjøvik",
            "Gran",
            "Grua",
            "Hov",
            "Hundorp",
            "Jevnaker",
            "Lena",
            "Lesja",
            "Lillehammer",
            "Lom",
            "Lunner",
            "Nord-Aurdal",
            "Nord-Fron",
            "Nordre Land",
            "Otta",
            "Østre Toten",
            "Øyer",
            "Øystre Slidre",
            "Raufoss",
            "Reinsvoll",
            "Ringebu",
            "Sel",
            "Skjåk",
            "Skreia",
            "Søndre Land",
            "Sør-Aurdal",
            "Sør-Fron",
            "Tretten",
            "Vågå",
            "Vågåmo",
            "Vang",
            "Vestre Slidre",
            "Vestre Toten",
            "Vinstra"
        ]
    },
    {
        "name": "Oslo",
        "cities": [
            "Oslo",
            "Sjølyststranda"
        ]
    },
    {
        "name": "Østfold",
        "cities": [
            "Aremark",
            "Askim",
            "Eidsberg",
            "Fossby",
            "Fredrikstad",
            "Halden",
            "Hobøl",
            "Hvaler",
            "Karlshus",
            "Knappstad",
            "Larkollen",
            "Lervik",
            "Marker",
            "Moss",
            "Mysen",
            "Ørje",
            "Råde",
            "Rakkestad",
            "Rømskog",
            "Rygge",
            "Ryggebyen",
            "Sarpsborg",
            "Skiptvet",
            "Skjærhalden",
            "Skjeberg",
            "Spydeberg",
            "Tomter",
            "Trøgstad",
            "Våler"
        ]
    },
    {
        "name": "Rogaland",
        "cities": [
            "Åkrehamn",
            "Bjerkreim",
            "Bokn",
            "Bryne",
            "Egersund",
            "Eigersund",
            "Eike",
            "Finnøy",
            "Forsand",
            "Gjesdal",
            "Hå",
            "Hauge i Dalane",
            "Haugesund",
            "Hjelmeland",
            "Hommersåk",
            "Jørpeland",
            "Judaberg",
            "Karmøy",
            "Klepp",
            "Kopervik",
            "Kvitsøy",
            "Lund",
            "Lyefjell",
            "Moi",
            "Nærbø",
            "Ølen",
            "Randaberg",
            "Rennesøy",
            "Sandnes",
            "Sauda",
            "Sæveland",
            "Skudeneshavn",
            "Sokndal",
            "Sola",
            "Stavanger",
            "Strand",
            "Suldal",
            "Tananger",
            "Tau",
            "Time",
            "Tysvær",
            "Utsira",
            "Varhaug",
            "Vedavågen",
            "Vigrestad",
            "Vikeså",
            "Vikevåg",
            "Vindafjord",
            "Vormedal"
        ]
    },
    {
        "name": "Sogn og Fjordane",
        "cities": [
            "Årdal",
            "Årdalstangen",
            "Askvoll",
            "Aurland",
            "Balestrand",
            "Bremanger",
            "Dale",
            "Eid",
            "Eivindvik",
            "Farnes",
            "Fjaler",
            "Flora",
            "Florø",
            "Førde",
            "Gaular",
            "Gaupne",
            "Gloppen",
            "Gulen",
            "Hardbakke",
            "Hermansverk",
            "Hornindal",
            "Høyanger",
            "Hyllestad",
            "Jølster",
            "Lærdal",
            "Lærdalsøyri",
            "Leikanger",
            "Luster",
            "Måløy",
            "Naustdal",
            "Nordfjordeid",
            "Sandane",
            "Sande",
            "Selje",
            "Sogndal",
            "Solund",
            "Stryn",
            "Svelgen",
            "Vågsøy",
            "Vik"
        ]
    },
    {
        "name": "Sør-Trøndelag",
        "cities": []
    },
    {
        "name": "Svalbard",
        "cities": []
    },
    {
        "name": "Telemark",
        "cities": [
            "Bamble",
            "Bø",
            "Dalen",
            "Drangedal",
            "Fyresdal",
            "Gvarv",
            "Herre",
            "Hjartdal",
            "Kragerø",
            "Kviteseid",
            "Lunde",
            "Nissedal",
            "Nome",
            "Notodden",
            "Porsgrunn",
            "Prestestranda",
            "Rjukan",
            "Sauherad",
            "Seljord",
            "Siljan",
            "Skien",
            "Tinn",
            "Tokke",
            "Ulefoss",
            "Vinje"
        ]
    },
    {
        "name": "Troms",
        "cities": [
            "Balsfjord",
            "Bardu",
            "Berg",
            "Borkenes",
            "Dyrøy",
            "Evenskjer",
            "Finnsnes",
            "Gratangen",
            "Gryllefjord",
            "Hansnes",
            "Harstad",
            "Ibestad",
            "Kåfjord",
            "Karlsøy",
            "Kvæfjord",
            "Kvænangen",
            "Lavangen",
            "Lenvik",
            "Lyngen",
            "Lyngseidet",
            "Målselv",
            "Moen",
            "Nordreisa",
            "Olderdalen",
            "Salangen",
            "Setermoen",
            "Sjøvegan",
            "Skånland",
            "Skjervøy",
            "Sørreisa",
            "Storfjord",
            "Storslett",
            "Storsteinnes",
            "Torsken",
            "Tranøy",
            "Tromsø"
        ]
    },
    {
        "name": "Trøndelag",
        "cities": [
            "Å i Åfjord",
            "Åfjord",
            "Agdenes",
            "Berkåk",
            "Bjugn",
            "Botngård",
            "Brekstad",
            "Fillan",
            "Flatanger",
            "Fosnes",
            "Frosta",
            "Frøya",
            "Grong",
            "Hemne",
            "Hitra",
            "Holtålen",
            "Hommelvik",
            "Høylandet",
            "Inderøy",
            "Indre Fosen",
            "Klæbu",
            "Kolvereid",
            "Kyrksæterøra",
            "Lauvsnes",
            "Leka",
            "Levanger",
            "Lierne",
            "Lundamo",
            "Malm",
            "Malvik",
            "Meldal",
            "Melhus",
            "Meråker",
            "Midtre Gauldal",
            "Namdalseid",
            "Namsos",
            "Namsskogan",
            "Nærøy",
            "Oppdal",
            "Orkdal",
            "Osen",
            "Overhalla",
            "Ørland",
            "Raarvihke - Røyrvik",
            "Ranemsletta",
            "Rennebu",
            "Rindal",
            "Roan",
            "Røros",
            "Rørvik",
            "Røyrvik",
            "Selbu",
            "Sistranda",
            "Skaun",
            "Skogn",
            "Snåase",
            "Snåase - Snåsa",
            "Snillfjord",
            "Steinkjer",
            "Stjørdal",
            "Stjørdalshalsen",
            "Straumen",
            "Trondheim",
            "Tydal",
            "Verdal",
            "Verran",
            "Vikna"
        ]
    },
    {
        "name": "Vest-Agder",
        "cities": [
            "Åseral",
            "Audnedal",
            "Farsund",
            "Flekkefjord",
            "Hægebostad",
            "Justvik",
            "Kristiansand",
            "Kvinesdal",
            "Liknes",
            "Lindesnes",
            "Lyngdal",
            "Mandal",
            "Marnardal",
            "Nodeland",
            "Sirdal",
            "Skålevik",
            "Songdalen",
            "Søgne",
            "Strai",
            "Tonstad",
            "Tveit",
            "Vanse",
            "Vennesla",
            "Vestbygd",
            "Vigeland"
        ]
    },
    {
        "name": "Vestfold",
        "cities": [
            "Årøysund",
            "Åsgårdstrand",
            "Barkåker",
            "Berger",
            "Færder",
            "Gullhaug",
            "Holmestrand",
            "Horten",
            "Larvik",
            "Melsomvik",
            "Re",
            "Sande",
            "Sandefjord",
            "Selvik",
            "Sem",
            "Skoppum",
            "Stavern",
            "Stokke",
            "Svelvik",
            "Tjøme",
            "Tønsberg"
        ]
    }
]