[
    {
        "name": "Achaea",
        "cities": []
    },
    {
        "name": "Aetolia-Acarnania",
        "cities": []
    },
    {
        "name": "Arcadia",
        "cities": []
    },
    {
        "name": "Argolis",
        "cities": []
    },
    {
        "name": "Attica",
        "cities": [
            "Acharnés",
            "Aegina",
            "Afidnés",
            "Aghios Panteleímon",
            "Agía Marína",
            "Agía Paraskeví",
            "Agía Varvára",
            "Ágioi Anárgyroi",
            "Agios Dimitrios",
            "Agios Dimítrios Kropiás",
            "Agios Ioannis Rentis",
            "Ágios Stéfanos",
            "Aiánteio",
            "Aigáleo",
            "Álimos",
            "Ampelákia",
            "Anávyssos",
            "Áno Liósia",
            "Anoixi",
            "Anthoúsa",
            "Argithéa",
            "Argyroúpoli",
            "Artémida",
            "Asprópyrgos",
            "Athens",
            "Avlónas",
            "Áyioi Apóstoloi",
            "Chaïdári",
            "Cholargós",
            "Dhafní",
            "Dhráfi",
            "Dióni",
            "Diónysos",
            "Drapetsóna",
            "Drosiá",
            "Ekáli",
            "Elefsína",
            "Ellinikó",
            "Erythrés",
            "Filothéi",
            "Fylí",
            "Galatás",
            "Galátsi",
            "Gérakas",
            "Glyfáda",
            "Grammatikó",
            "Ílion",
            "Ilioúpoli",
            "Irákleio",
            "Kaisarianí",
            "Kálamos",
            "Kallithéa",
            "Kalývia Thorikoú",
            "Kamaterón",
            "Kapandríti",
            "Karellás",
            "Káto Soúlion",
            "Keratéa",
            "Keratsíni",
            "Khalándrion",
            "Khalkoútsion",
            "Kifisiá",
            "Kinéta",
            "Kipséli",
            "Kítsi",
            "Koropí",
            "Korydallós",
            "Kouvarás",
            "Kryonéri",
            "Kypséli",
            "Kýthira",
            "Lávrio",
            "Leondárion",
            "Limín Mesoyaías",
            "Lykóvrysi",
            "Magoúla",
            "Mándra",
            "Marathónas",
            "Markópoulo",
            "Markópoulo Oropoú",
            "Maroúsi",
            "Megalochóri",
            "Mégara",
            "Melíssia",
            "Metamórfosi",
            "Moskháton",
            "Néa Chalkidóna",
            "Néa Erythraía",
            "Néa Filadélfeia",
            "Néa Ionía",
            "Néa Mákri",
            "Néa Palátia",
            "Néa Pentéli",
            "Néa Péramos",
            "Néa Smýrni",
            "Néo Psychikó",
            "Neos Voutzás",
            "Níkaia",
            "Oropós",
            "Paianía",
            "Palaiá Fókaia",
            "Palaió Fáliro",
            "Pallíni",
            "Papágou",
            "Péfki",
            "Pentéli",
            "Pérama",
            "Peristéri",
            "Petroúpolis",
            "Pikérmi",
            "Piraeus",
            "Polydéndri",
            "Póros",
            "Psychikó",
            "Rafína",
            "Rodópoli",
            "Salamína",
            "Saronída",
            "Selínia",
            "Skála Oropoú",
            "Skarmagkás",
            "Spáta",
            "Spétses",
            "Stamáta",
            "Távros",
            "Thrakomakedónes",
            "Vári",
            "Varnávas",
            "Varybóbi",
            "Vathý",
            "Vília",
            "Vlycháda",
            "Voúla",
            "Vouliagméni",
            "Vraná",
            "Vrilissia",
            "Výronas",
            "Ýdra",
            "Ymittos",
            "Zefyri",
            "Zográfos"
        ]
    },
    {
        "name": "Boeotia",
        "cities": []
    },
    {
        "name": "Central Greece",
        "cities": [
            "Afrátion",
            "Agía Triáda",
            "Ágios Geórgios",
            "Aidipsós",
            "Akraifnía",
            "Alíartos",
            "Alivéri",
            "Amárynthos",
            "Amfíkleia",
            "Ámfissa",
            "Anthíli",
            "Antikyra",
            "Aráchova",
            "Árma",
            "Asopía",
            "Atalánti",
            "Áyios Konstandínos",
            "Áyios Nikólaos",
            "Áyios Thomás",
            "Chairóneia",
            "Chalkída",
            "Delphi",
            "Dhrosiá",
            "Dílesi",
            "Dístomo",
            "Domokós",
            "Domvraína",
            "Eláteia",
            "Erétria",
            "Fáros",
            "Fílla",
            "Galaxídhion",
            "Istiaía",
            "Itéa",
            "Kainoúryion",
            "Kaména Voúrla",
            "Kaparéllion",
            "Karpenísi",
            "Kárystos",
            "Kastélla",
            "Káto Tithoréa",
            "Kerasochóri",
            "Kírra",
            "Kými",
            "Kyriáki",
            "Lamía",
            "Lianokládhion",
            "Lidoríki",
            "Límni",
            "Livadeiá",
            "Livanátes",
            "Loukísia",
            "Loutrá Aidhipsoú",
            "Magoúla",
            "Makrakómi",
            "Malakónta",
            "Malesína",
            "Mantoúdi",
            "Marmárion",
            "Martínon",
            "Mólos",
            "Mytikas",
            "Néa Artáki",
            "Néa Lámpsakos",
            "Néa Stíra",
            "Néon Monastírion",
            "Nomós Evrytanías",
            "Nomós Fokídos",
            "Oinófyta",
            "Omvriakí",
            "Orchomenós",
            "Oreoí",
            "Oxílithos",
            "Paralía Avlídhos",
            "Pelasgía",
            "Pláka Dílesi",
            "Politiká",
            "Prokópi",
            "Psachná",
            "Rodhítsa",
            "Roviés",
            "Schimatári",
            "Skýros",
            "Spercheiáda",
            "Stavrós",
            "Steíri",
            "Stylída",
            "Thespiés",
            "Thívai",
            "Vágia",
            "Vasilikón",
            "Vathí",
            "Yimnón"
        ]
    },
    {
        "name": "Central Macedonia",
        "cities": [
            "Ádendro",
            "Áfytos",
            "Agía Paraskeví",
            "Agía Triáda",
            "Ágio Pnévma",
            "Ágios Athanásios",
            "Ágios Geórgios",
            "Ágios Loukás",
            "Ágios Nikólaos",
            "Ágios Pávlos",
            "Ágios Pétros",
            "Ágios Spyrídon",
            "Ágios Vasíleios",
            "Agkathiá",
            "Aigínio",
            "Akrolímni",
            "Alexándreia",
            "Alistráti",
            "Ampeleíes",
            "Ampelókipoi",
            "Anatolikó",
            "Angelochóri",
            "Ápsalos",
            "Aravissós",
            "Aridaía",
            "Arnaía",
            "Árnissa",
            "Arsénio",
            "Askós",
            "Asproválta",
            "Ássiros",
            "Asvestochóri",
            "Áthyra",
            "Axioúpoli",
            "Axós",
            "Chalástra",
            "Chalkidóna",
            "Charopó",
            "Chortiátis",
            "Chrysó",
            "Chrysochórafa",
            "Diavatá",
            "Diavatós",
            "Díon",
            "Dravískos",
            "Drymós",
            "Édessa",
            "Efkarpía",
            "Eirinoúpoli",
            "Epanomí",
            "Episkopí",
            "Évosmos",
            "Evropós",
            "Exaplátanos",
            "Fíliro",
            "Galatádes",
            "Galátista",
            "Gázoros",
            "Géfyra",
            "Gerakaroú",
            "Giannitsá",
            "Gouménissa",
            "Ierissós",
            "Irákleia",
            "Kalá Déndra",
            "Kalamariá",
            "Kalí",
            "Kallithéa",
            "Kalochóri",
            "Kalýves Polygýrou",
            "Kalývia",
            "Kampánis",
            "Kardiá",
            "Karítsa",
            "Karyótissa",
            "Kassándreia",
            "Kateríni",
            "Káto Kamíla",
            "Káto Lipochóri",
            "Káto Miliá",
            "Káto Scholári",
            "Kavallári",
            "Kilkís",
            "Kítros",
            "Kleidí",
            "Koímisi",
            "Kolchikón",
            "Kolindrós",
            "Kontariótissa",
            "Kopanós",
            "Korinós",
            "Koryfí",
            "Koufália",
            "Kouloúra",
            "Krithiá",
            "Krýa Vrýsi",
            "Kýmina",
            "Lagkadás",
            "Lagyná",
            "Lákkoma",
            "Lefkónas",
            "Leptokaryá",
            "Lianovérgi",
            "Lití",
            "Litóchoro",
            "Lófos",
            "Loutráki",
            "Loutrós",
            "Makrochóri",
            "Makrýgialos",
            "Mándalo",
            "Marína",
            "Mavrothálassa",
            "Mavrovoúni",
            "Megáli Panagía",
            "Melíki",
            "Melíssi",
            "Melissochóri",
            "Meneméni",
            "Mesiméri",
            "Mikró Monastíri",
            "Mitroúsi",
            "Náousa",
            "Néa Apollonía",
            "Néa Éfesos",
            "Néa Flogitá",
            "Néa Fókaia",
            "Néa Kallikráteia",
            "Néa Magnisía",
            "Néa Málgara",
            "Néa Mesimvría",
            "Néa Michanióna",
            "Néa Moudhaniá",
            "Néa Pélla",
            "Néa Plágia",
            "Néa Poteídaia",
            "Néa Potídhaia",
            "Néa Róda",
            "Néa Sánta",
            "Néa Tríglia",
            "Néa Vrasná",
            "Néa Zíchni",
            "Neapoli",
            "Néo Agionéri",
            "Néo Petrítsi",
            "Néo Rýsi",
            "Néo Soúli",
            "Neochóri",
            "Neochoroúda",
            "Néoi Epivátes",
            "Néos Marmarás",
            "Néos Mylótopos",
            "Néos Skopós",
            "Nigríta",
            "Níkiti",
            "Nisí",
            "Nomós Chalkidikís",
            "Nomós Péllis",
            "Nomós Thessaloníkis",
            "Ólynthos",
            "Oraiókastro",
            "Ormýlia",
            "Ouranoupolis",
            "Palaífyto",
            "Palaiochóri",
            "Palaiokómi",
            "Panórama",
            "Paralía",
            "Patrída",
            "Péfka",
            "Pefkochóri",
            "Pélla",
            "Pentálofos",
            "Pentaplátano",
            "Peraía",
            "Perístasi",
            "Peristerá",
            "Plagiári",
            "Platý",
            "Políchni",
            "Polýgyros",
            "Polykárpi",
            "Polýkastro",
            "Pontisméno",
            "Portariá",
            "Próchoma",
            "Profítis Ilías",
            "Prómachoi",
            "Próti",
            "Provatás",
            "Pylaía",
            "Ritíni",
            "Rizári",
            "Rizó",
            "Rizómata",
            "Rodolívos",
            "Sárti",
            "Sérres",
            "Sevastianá",
            "Sfendámi",
            "Sidirókastro",
            "Símantra",
            "Síndos",
            "Skotoússa",
            "Skoútari",
            "Skýdra",
            "Sochós",
            "Sosándra",
            "Sourotí",
            "Stathmós Mourión",
            "Stavrós",
            "Stavroúpoli",
            "Stratónion",
            "Strymonikó",
            "Svorónos",
            "Sykiá",
            "Sykiés",
            "Terpní",
            "Thérmi",
            "Thessaloníki",
            "Triandría",
            "Tríkala",
            "Trílofos",
            "Valteró",
            "Vamvakófyto",
            "Vasiliká",
            "Vathýlakkos",
            "Vergína",
            "Véroia",
            "Vrontoú",
            "Xilópolis"
        ]
    },
    {
        "name": "Chania",
        "cities": []
    },
    {
        "name": "Corfu",
        "cities": [
            "Farkadóna",
            "Fíki",
            "Gómfoi",
            "Grizáno",
            "Kalampáka",
            "Kastráki",
            "Megála Kalývia",
            "Megalochóri",
            "Oichalía",
            "Palaiomonástiro",
            "Palaiópyrgos",
            "Pigí",
            "Pýli",
            "Pyrgetós",
            "Rízoma",
            "Taxiárches",
            "Tríkala",
            "Vasilikí",
            "Zárkos"
        ]
    },
    {
        "name": "Corinthia",
        "cities": []
    },
    {
        "name": "Crete",
        "cities": [
            "Agía Foteiní",
            "Agía Galíni",
            "Agía Marína",
            "Agía Varvára",
            "Ágioi Déka",
            "Ágios Nikólaos",
            "Ano Arhanes",
            "Anógeia",
            "Arkalochóri",
            "Asímion",
            "Atsipópoulo",
            "Chaniá",
            "Chóra Sfakíon",
            "Darátsos",
            "Eloúnda",
            "Galatás",
            "Gázi",
            "Georgioupolis",
            "Geráni",
            "Gérgeri",
            "Goúrnes",
            "Gra Liyiá",
            "Heraklion",
            "Ierápetra",
            "Irákleion",
            "Kalýves",
            "Kastélli",
            "Kastrí",
            "Káto Asítai",
            "Káto Goúves",
            "Kentrí",
            "Kíssamos",
            "Kokkíni Cháni",
            "Kolympári",
            "Kritsá",
            "Krousón",
            "Limín Khersonísou",
            "Mália",
            "Moíres",
            "Mokhós",
            "Mourniés",
            "Mouzourás",
            "Néa Alikarnassós",
            "Néa Anatolí",
            "Neápoli",
            "Nerokoúros",
            "Nomós Irakleíou",
            "Nomós Rethýmnis",
            "Palaióchora",
            "Palekastro",
            "Pánormos",
            "Pérama",
            "Perivólia",
            "Pithári",
            "Profítis Ilías",
            "Pýrgos",
            "Rethymno",
            "Schísma Eloúndas",
            "Sísion",
            "Sitia",
            "Skalánion",
            "Soúda",
            "Stalís",
            "Thrapsanón",
            "Tílisos",
            "Tsikalariá",
            "Tympáki",
            "Violí Charáki",
            "Vrýses",
            "Zarós",
            "Zonianá"
        ]
    },
    {
        "name": "Drama",
        "cities": []
    },
    {
        "name": "East Attica",
        "cities": [
            "Ágios Athanásios",
            "Agios Efstratios",
            "Alexandroupoli",
            "Amygdaleónas",
            "Áratos",
            "Arísvi",
            "Arrianá",
            "Ávato",
            "Chios",
            "Choristí",
            "Chrysochóri",
            "Chrysoúpolis",
            "Didymóteicho",
            "Dráma",
            "Echínos",
            "Elaiochóri",
            "Eleftherés",
            "Eleftheroúpolis",
            "Évlalo",
            "Féres",
            "Fillýra",
            "Fotolívos",
            "Fournoi Korseon",
            "Fteliá",
            "Genisséa",
            "Íasmos",
            "Ikaria",
            "Iliokentima",
            "Kalampáki",
            "Kalí Vrýsi",
            "Kallífytos",
            "Kalós Agrós",
            "Kamariótissa",
            "Kastaniés",
            "Káto Nevrokópi",
            "Kavála",
            "Kavýli",
            "Keramotí",
            "Kimméria",
            "Kokkinóchoma",
            "Komotiní",
            "Krinídes",
            "Kyprínos",
            "Kýria",
            "Lagós",
            "Lávara",
            "Lemnos",
            "Lesbos",
            "Limenária",
            "Lýkeio",
            "Mikrópolis",
            "Mýki",
            "Mytilene ",
            "Néa Iraklítsa",
            "Néa Karváli",
            "Néa Karyá",
            "Néa Péramos",
            "Néa Výssa",
            "Neochóri",
            "Nikísiani",
            "Oinousses",
            "Orestiáda",
            "Páchni",
            "Palaió Tsiflíki",
            "Palaiochóri",
            "Paralía Ofryníou",
            "Paranésti",
            "Péplos",
            "Peteinós",
            "Petrochóri",
            "Petroússa",
            "Potamiá",
            "Prínos",
            "Prosotsáni",
            "Psara",
            "Rízia",
            "Samos",
            "Samothráki",
            "Sápes",
            "Sélero",
            "Sitagroí",
            "Smínthi",
            "Souflí",
            "Thásos",
            "Tycheró",
            "Vólakas",
            "West Lesbos",
            "Xánthi",
            "Xiropótamos",
            "Xylaganí",
            "Zygós"
        ]
    },
    {
        "name": "East Macedonia and Thrace",
        "cities": [
            "Alexandroupolis",
            "Arriana",
            "Didymoteicho",
            "Doxato",
            "Drama",
            "Evros",
            "Iasmos",
            "Kato Nevrokopi",
            "Kavala",
            "Komotini",
            "Maroneia-Sapes",
            "Myki",
            "Orestiada",
            "Pangaio",
            "Paranesti",
            "Prosotsani",
            "Rhodope",
            "Samothrace",
            "Soufli",
            "Topeiros",
            "Xanthi"
        ]
    },
    {
        "name": "Epirus",
        "cities": [
            "Agía Kyriakí",
            "Anatolí",
            "Anéza",
            "Áno Kalentíni",
            "Árta",
            "Asprángeloi",
            "Chalkiádes",
            "Eksochí",
            "Eleoúsa",
            "Filiátes",
            "Filippiáda",
            "Graikochóri",
            "Grammenítsa",
            "Igoumenítsa",
            "Ioánnina",
            "Kalamiá",
            "Kalpáki",
            "Kanaláki",
            "Kardamítsia",
            "Katsikás",
            "Kompóti",
            "Kónitsa",
            "Kostakioí",
            "Koutselió",
            "Loúros",
            "Metsovo",
            "Néa Seléfkeia",
            "Neochóri",
            "Neochorópoulo",
            "Néos Oropós",
            "Nomós Ioannínon",
            "Pappadátes",
            "Paramythiá",
            "Parapótamos",
            "Párga",
            "Pediní",
            "Pérama",
            "Pérdika",
            "Péta",
            "Platariá",
            "Prámanta",
            "Préveza",
            "Rodotópi",
            "Stavráki",
            "Thesprotikó",
            "Tsiflikópoulo",
            "Voulgaréli",
            "Vounoplagiá"
        ]
    },
    {
        "name": "Euboea",
        "cities": []
    },
    {
        "name": "Grevena",
        "cities": []
    },
    {
        "name": "Imathia ",
        "cities": []
    },
    {
        "name": "Ioannina",
        "cities": []
    },
    {
        "name": "Ionian Islands",
        "cities": [
            "Acharávi",
            "Agios Georgis",
            "Ágios Matthaíos",
            "Alepoú",
            "Ambelókipoi",
            "Argostólion",
            "Corfu",
            "Gáïos",
            "Gaïtánion",
            "Itháki",
            "Kanáli",
            "Katastárion",
            "Kontokáli",
            "Kynopiástes",
            "Lefkada",
            "Lefkímmi",
            "Lithakiá",
            "Lixoúri",
            "Mouzaki",
            "Nomós Kerkýras",
            "Nomós Zakýnthou",
            "Perama",
            "Perivóli",
            "Póros",
            "Potamós",
            "Sámi",
            "Valsamáta",
            "Vanáton",
            "Virós",
            "Zakynthos"
        ]
    },
    {
        "name": "Karditsa",
        "cities": []
    },
    {
        "name": "Kastoria",
        "cities": []
    },
    {
        "name": "Kefalonia",
        "cities": [
            "Agía Triáda",
            "Agnanteró",
            "Anávra",
            "Anthiró",
            "Artesianó",
            "Itéa",
            "Kallifóni",
            "Kallíthiro",
            "Kardítsa",
            "Karditsomagoúla",
            "Karpochóri",
            "Magoúla",
            "Makrychóri",
            "Mavrommáti",
            "Mitrópoli",
            "Morfovoúni",
            "Mouzáki",
            "Palamás",
            "Proástio",
            "Sofádes"
        ]
    },
    {
        "name": "Kilkis",
        "cities": []
    },
    {
        "name": "Kozani",
        "cities": []
    },
    {
        "name": "Laconia",
        "cities": []
    },
    {
        "name": "Larissa",
        "cities": []
    },
    {
        "name": "Lefkada",
        "cities": [
            "Agriá",
            "Álli Meriá",
            "Almyrós",
            "Anakasiá",
            "Áno Lekhónia",
            "Argalastí",
            "Evxinoúpolis",
            "Kanália",
            "Káto Lekhónia",
            "Néa Anchiálos",
            "Néa Ionía",
            "Patitírion",
            "Portariá",
            "Pteleós",
            "Rizómylos",
            "Skiáthos",
            "Skópelos",
            "Soúrpi",
            "Stefanovíkeio",
            "Tríkeri",
            "Velestíno",
            "Volos",
            "Zagorá"
        ]
    },
    {
        "name": "Pella",
        "cities": []
    },
    {
        "name": "Peloponnese",
        "cities": [
            "Ágioi Theódoroi",
            "Ágios Andréas",
            "Arfará",
            "Árgos",
            "Aria",
            "Áris",
            "Arkhaía Kórinthos",
            "Asíni",
            "Asopós",
            "Ássos",
            "Ástros",
            "Athíkia",
            "Ayía Triás",
            "Áyios Adhrianós",
            "Áyios Vasílios",
            "Chóra",
            "Dídyma",
            "Dimitsána",
            "Drépanon",
            "Ermióni",
            "Examília",
            "Filiatrá",
            "Gargaliánoi",
            "Géfyra",
            "Geráki",
            "Gýtheio",
            "Isthmía",
            "Kalamata",
            "Kardamýli",
            "Karyés",
            "Káto Dhiminió",
            "Káto Glykóvrysi",
            "Khiliomódhi",
            "Kiáto",
            "Koilás",
            "Kokkónion",
            "Kopanáki",
            "Kórinthos",
            "Koróni",
            "Koutsopódi",
            "Kranídi",
            "Krokeés",
            "Kyparissía",
            "Kyrás Vrýsi",
            "Langádhia",
            "Lékhaio",
            "Leonídio",
            "Levídion",
            "Ligourión",
            "Loutrá Oraías Elénis",
            "Loutráki",
            "Magoúla",
            "Megalópoli",
            "Meligalás",
            "Messíni",
            "Methóni",
            "Moláoi",
            "Moúlki",
            "Náfplio",
            "Néa Kíos",
            "Néa Tírins",
            "Neméa",
            "Nomós Arkadías",
            "Palaiá Epídavros",
            "Paralía Vérgas",
            "Pásion",
            "Perachóra",
            "Periyiáli",
            "Pórto Chéli",
            "Pýlos",
            "Sikyón",
            "Skála",
            "Sofikón",
            "Spárti",
            "Sperchógeia",
            "Sykiá",
            "Thouría",
            "Tolón",
            "Traganón",
            "Trípoli",
            "Vélo",
            "Vlachiótis",
            "Vlachópoulo",
            "Vokhaïkó",
            "Vrakháti",
            "Xylókastro",
            "Zevgolateió"
        ]
    },
    {
        "name": "Phthiotis",
        "cities": []
    },
    {
        "name": "Preveza",
        "cities": []
    },
    {
        "name": "Serres",
        "cities": []
    },
    {
        "name": "South Aegean",
        "cities": [
            "Adámas",
            "Afántou",
            "Agía Marína",
            "Amorgós",
            "Anáfi",
            "Andros",
            "Áno Merá",
            "Áno Sýros",
            "Antimácheia",
            "Antíparos",
            "Archángelos",
            "Astypálaia",
            "Chálki",
            "Émponas",
            "Emporeío",
            "Ermoúpolis",
            "Faliraki",
            "Filótion",
            "Firá",
            "Folégandros",
            "Fry",
            "Ialysós",
            "Íos",
            "Kálymnos",
            "Kardámaina",
            "Karpathos",
            "Kéfalos",
            "Kímolos",
            "Kos",
            "Kremastí",
            "Kýthnos",
            "Lakkí",
            "Lárdos",
            "Mandráki",
            "Megálo Chorió",
            "Megísti",
            "Mesariá",
            "Mílos",
            "Mykonos",
            "Náousa",
            "Náxos",
            "Nomós Kykládon",
            "Oía",
            "Ornós",
            "Pánormos",
            "Páros",
            "Pátmos",
            "Pylí",
            "Ródos",
            "Sérifos",
            "Skála",
            "Sými",
            "Tínos",
            "Vári",
            "Zipári"
        ]
    },
    {
        "name": "Thessaloniki",
        "cities": []
    },
    {
        "name": "West Greece",
        "cities": [
            "Agrínio",
            "Aígio",
            "Aitolikó",
            "Aíyira",
            "Akráta",
            "Aktaío",
            "Alfeioúsa",
            "Amaliáda",
            "Amfilochía",
            "Andravída",
            "Angelókastro",
            "Áno Kastrítsi",
            "Antirrio",
            "Archaía Olympía",
            "Archontochóri",
            "Arkoúdi",
            "Astakós",
            "Áyios Konstandínos",
            "Chalandrítsa",
            "Chávari",
            "Dhokímion",
            "Epitálio",
            "Fyteíes",
            "Galatás",
            "Gastoúni",
            "Gavaloú",
            "Goúmero",
            "Kainoúryion",
            "Kalávryta",
            "Kamárai",
            "Kandíla",
            "Karátoula",
            "Kardamás",
            "Káto Achaḯa",
            "Káto Mazaráki",
            "Katochí",
            "Katoúna",
            "Kavásila",
            "Kréstena",
            "Kríkellos",
            "Kyllíni",
            "Lálas",
            "Lápas",
            "Lechainá",
            "Lepenoú",
            "Limnokhórion",
            "Makrísia",
            "Manoláda",
            "Mataránga",
            "Megáli Khóra",
            "Menídi",
            "Mesolóngi",
            "Mindilóglion",
            "Monastiráki",
            "Myrsíni",
            "Náfpaktos",
            "Néa Manoláda",
            "Neápolis",
            "Neochóri",
            "Neochórion",
            "Nomós Achaḯas",
            "Nomós Aitolías kai Akarnanías",
            "Nomós Ileías",
            "Ovriá",
            "Pálairos",
            "Panaitólion",
            "Pappadhátai",
            "Paralía",
            "Paravóla",
            "Pátra",
            "Pelópi",
            "Plátanos",
            "Pýrgos",
            "Río",
            "Rododáfni",
            "Royítika",
            "Sardínia",
            "Savália",
            "Stános",
            "Sylivainiótika",
            "Synoikismós Chavaríou",
            "Témeni",
            "Thérmo",
            "Triandaíika",
            "Várda",
            "Vartholomió",
            "Varvásaina",
            "Vónitsa",
            "Vrachnaíika",
            "Zacháro"
        ]
    },
    {
        "name": "West Macedonia",
        "cities": [
            "Aianí",
            "Akriní",
            "Ammochóri",
            "Amýntaio",
            "Anaráchi",
            "Áno Kómi",
            "Argos Orestiko",
            "Chlói",
            "Deskáti",
            "Empório",
            "Erátyra",
            "Filótas",
            "Flórina",
            "Galatiní",
            "Grevená",
            "Kastoria",
            "Kleítos",
            "Koíla",
            "Komniná",
            "Kozáni",
            "Krókos",
            "Laimós",
            "Léchovo",
            "Livaderó",
            "Maniákoi",
            "Mavrochóri",
            "Melíti",
            "Mesopotamía",
            "Nea Lava",
            "Nestório",
            "Nomós Kozánis",
            "Platanórevma",
            "Ptolemaḯda",
            "Sérvia",
            "Siátista",
            "Tsotíli",
            "Velventós",
            "Xinó Neró"
        ]
    }
]