[
    {
        "name": "Aichi",
        "cities": [
            "Aisai-shi",
            "Ama-gun",
            "Anjō-shi",
            "Chiryū",
            "Chiryū-shi",
            "Chita",
            "Chita-shi",
            "Gamagōri",
            "Gamagōri-shi",
            "Handa",
            "Handa-shi",
            "Hekinan",
            "Hekinan-shi",
            "Ichinomiya",
            "Ichinomiya-shi",
            "Inazawa",
            "Inazawa-shi",
            "Inuyama",
            "Inuyama-shi",
            "Ishiki",
            "Iwakura",
            "Iwakura-shi",
            "Kanie",
            "Kariya",
            "Kariya-shi",
            "Kasugai",
            "Kasugai-shi",
            "Kitanagoya",
            "Kitanagoya-shi",
            "Kiyosu-shi",
            "Komaki",
            "Komaki-shi",
            "Kōnan",
            "Kōnan-shi",
            "Kozakai-chō",
            "Kuroda",
            "Miyoshi-shi",
            "Nagakute-shi",
            "Nagoya",
            "Nishio",
            "Nishio-shi",
            "Nisshin-shi",
            "Ōbu",
            "Ōbu-shi",
            "Okazaki-shi",
            "Owariasahi-shi",
            "Seto",
            "Seto-shi",
            "Shinshiro",
            "Shinshiro-shi",
            "Sobue",
            "Tahara",
            "Tahara-shi",
            "Takahama",
            "Takahama-shi",
            "Taketoyo",
            "Tōkai-shi",
            "Tokoname",
            "Tokoname-shi",
            "Toyoake",
            "Toyoake-shi",
            "Toyohama",
            "Toyohashi",
            "Toyohashi-shi",
            "Toyokawa",
            "Toyokawa-shi",
            "Toyota-shi",
            "Tsushima",
            "Tsushima-shi",
            "Yatomi-shi"
        ]
    },
    {
        "name": "Akita",
        "cities": [
            "Akita",
            "Akita Shi",
            "Daisen",
            "Daisen-shi",
            "Hanawa",
            "Kakunodatemachi",
            "Katagami",
            "Katagami-shi",
            "Kazuno Shi",
            "Kitaakita-shi",
            "Nikaho-shi",
            "Noshiro",
            "Noshiro Shi",
            "Ōdate",
            "Ōdate-shi",
            "Oga",
            "Oga-shi",
            "Ōmagari",
            "Semboku-shi",
            "Takanosu",
            "Tennō",
            "Yokote",
            "Yokote-shi",
            "Yurihonjō",
            "Yurihonjō-shi",
            "Yuzawa",
            "Yuzawa-shi"
        ]
    },
    {
        "name": "Aomori",
        "cities": [
            "Aomori",
            "Aomori Shi",
            "Goshogawara",
            "Goshogawara Shi",
            "Hachinohe",
            "Hachinohe Shi",
            "Hirakawa",
            "Hirakawa Shi",
            "Hirosaki",
            "Hirosaki Shi",
            "Kuroishi",
            "Kuroishi Shi",
            "Misawa",
            "Misawa Shi",
            "Mutsu",
            "Mutsu-shi",
            "Namioka",
            "Shimokizukuri",
            "Towada Shi",
            "Tsugaru",
            "Tsugaru Shi"
        ]
    },
    {
        "name": "Chiba",
        "cities": [
            "Abiko",
            "Abiko-shi",
            "Asahi-shi",
            "Chiba",
            "Chōshi-shi",
            "Funabashi-shi",
            "Futtsu",
            "Hasaki",
            "Honchō",
            "Ichihara",
            "Ichihara Shi",
            "Ichikawa Shi",
            "Inzai-shi",
            "Isumi",
            "Isumi Shi",
            "Kamagaya Shi",
            "Kamogawa",
            "Kamogawa-shi",
            "Kashiwa",
            "Kashiwa Shi",
            "Katori-shi",
            "Katsuura",
            "Katsuura-shi",
            "Kimitsu",
            "Kisarazu",
            "Kisarazu Shi",
            "Matsudo Shi",
            "Minamibōsō Shi",
            "Mobara",
            "Mobara Shi",
            "Nagareyama",
            "Nagareyama-shi",
            "Narashino-shi",
            "Narita",
            "Narita-shi",
            "Narutō",
            "Noda",
            "Noda-shi",
            "Ōami",
            "Ōamishirasato-shi",
            "Ōhara",
            "Omigawa",
            "Sakura",
            "Sakura-shi",
            "Sambu-gun",
            "Sanmu",
            "Sanmu-shi",
            "Sawara",
            "Shiroi",
            "Shiroi-shi",
            "Shisui",
            "Sodegaura-shi",
            "Sōsa-shi",
            "Tateyama",
            "Tateyama-shi",
            "Tōgane",
            "Tōgane-shi",
            "Tomisato-shi",
            "Urayasu-shi",
            "Yachimata",
            "Yachimata-shi",
            "Yachiyo-shi",
            "Yōkaichiba",
            "Yotsukaidō",
            "Yotsukaidō-shi"
        ]
    },
    {
        "name": "Ehime",
        "cities": [
            "Hōjō",
            "Imabari-shi",
            "Iyo",
            "Iyo-shi",
            "Kawanoechō",
            "Kihoku-chō",
            "Masaki-chō",
            "Matsuyama-shi",
            "Niihama",
            "Niihama-shi",
            "Ōzu",
            "Ōzu-shi",
            "Saijō",
            "Saijō-shi",
            "Seiyo-shi",
            "Shikoku-chūō Shi",
            "Tōon-shi",
            "Uwajima",
            "Uwajima-shi",
            "Yawatahama-shi"
        ]
    },
    {
        "name": "Fukui",
        "cities": [
            "Asahi",
            "Awara-shi",
            "Echizen-shi",
            "Fukui-shi",
            "Katsuyama",
            "Katsuyama Shi",
            "Maruoka",
            "Mikuni",
            "Obama",
            "Obama-shi",
            "Ōi-gun",
            "Ono",
            "Ōno-shi",
            "Sabae",
            "Sabae-shi",
            "Sakai-shi",
            "Takefu",
            "Tsuruga",
            "Tsuruga-shi"
        ]
    },
    {
        "name": "Fukuoka",
        "cities": [
            "Amagi",
            "Asakura Shi",
            "Buzen",
            "Buzen-shi",
            "Chikugo Shi",
            "Chikushino-shi",
            "Dazaifu-shi",
            "Fukuoka",
            "Fukuoka-shi",
            "Fukutsu Shi",
            "Iizuka",
            "Iizuka Shi",
            "Itoshima-shi",
            "Kama Shi",
            "Kanda",
            "Kasuga Shi",
            "Kawasaki",
            "Kitakyushu",
            "Koga",
            "Koga-shi",
            "Kurume",
            "Kurume Shi",
            "Maebaru-chūō",
            "Miyama Shi",
            "Miyata",
            "Miyawaka Shi",
            "Munakata-shi",
            "Nakama",
            "Nakama Shi",
            "Nishifukuma",
            "Nōgata",
            "Nōgata Shi",
            "Ogōri-shi",
            "Ōkawa",
            "Ōkawa-shi",
            "Ōmuta",
            "Ōmuta Shi",
            "Onga-gun",
            "Ōnojō",
            "Ōnojō Shi",
            "Sasaguri",
            "Setakamachi-takayanagi",
            "Shiida",
            "Shingū",
            "Tagawa",
            "Tagawa Shi",
            "Tanushimarumachi-toyoki",
            "Tsuiki",
            "Ukiha Shi",
            "Umi",
            "Yame Shi",
            "Yanagawa",
            "Yanagawa Shi",
            "Yoshitomi",
            "Yukuhashi",
            "Yukuhashi Shi"
        ]
    },
    {
        "name": "Fukushima",
        "cities": [
            "Aizu-wakamatsu Shi",
            "Date-shi",
            "Fukushima",
            "Fukushima Shi",
            "Funehikimachi-funehiki",
            "Hobaramachi",
            "Inawashiro",
            "Ishikawa",
            "Iwaki",
            "Iwaki-shi",
            "Kitakata",
            "Kitakata-shi",
            "Kōriyama",
            "Kōriyama Shi",
            "Miharu",
            "Minami-Sōma",
            "Minamisōma Shi",
            "Motomiya",
            "Motomiya-shi",
            "Namie",
            "Nihommatsu",
            "Nihonmatsu Shi",
            "Shirakawa Shi",
            "Sōma",
            "Sōma Shi",
            "Sukagawa",
            "Sukagawa Shi",
            "Tamura",
            "Tamura-shi",
            "Yanagawamachi-saiwaichō"
        ]
    },
    {
        "name": "Gifu",
        "cities": [
            "Ena-shi",
            "Gero",
            "Gero-shi",
            "Gifu-shi",
            "Gōdo",
            "Gujō",
            "Gujō-shi",
            "Hashima",
            "Hashima-shi",
            "Hida",
            "Hida Shi",
            "Kaizu-shi",
            "Kakamigahara-shi",
            "Kani-shi",
            "Kasamatsuchō",
            "Mino",
            "Mino-shi",
            "Minokamo",
            "Minokamo-shi",
            "Mitake",
            "Mizuho-shi",
            "Mizunami",
            "Mizunami-shi",
            "Motosu-shi",
            "Nakatsugawa",
            "Nakatsugawa-shi",
            "Ōgaki-shi",
            "Seki-shi",
            "Tajimi",
            "Tajimi-shi",
            "Takayama Shi",
            "Tarui",
            "Toki",
            "Toki-shi",
            "Yamagata-shi"
        ]
    },
    {
        "name": "Gunma",
        "cities": [
            "Agatsuma-gun",
            "Annaka",
            "Annaka Shi",
            "Fujioka",
            "Fujioka Shi",
            "Isesaki",
            "Isesaki Shi",
            "Kanekomachi",
            "Kiryū",
            "Kiryū Shi",
            "Maebashi",
            "Maebashi Shi",
            "Midori",
            "Midori Shi",
            "Nakanojōmachi",
            "Numata",
            "Numata Shi",
            "Ōmamachō-ōmama",
            "Ōta",
            "Ōta-shi",
            "Sakai-nakajima",
            "Shibukawa",
            "Shibukawa-shi",
            "Takasaki",
            "Takasaki Shi",
            "Tamamura",
            "Tatebayashi",
            "Tatebayashi-shi",
            "Tomioka",
            "Tomioka-shi",
            "Yoshii"
        ]
    },
    {
        "name": "Hiroshima",
        "cities": [
            "Aki-takata Shi",
            "Etajima-shi",
            "Fuchū-shi",
            "Fuchūchō",
            "Fukuyama",
            "Fukuyama Shi",
            "Hatsukaichi",
            "Hatsukaichi-shi",
            "Higashihiroshima Shi",
            "Hiroshima",
            "Hiroshima-shi",
            "Innoshima",
            "Kannabechō-yahiro",
            "Kure",
            "Kure-shi",
            "Mihara",
            "Mihara Shi",
            "Miyajima",
            "Miyoshi",
            "Miyoshi Shi",
            "Ōno-hara",
            "Onomichi",
            "Onomichi-shi",
            "Ōtake",
            "Ōtake-shi",
            "Shin’ichi",
            "Shōbara",
            "Shōbara-shi",
            "Takehara",
            "Takehara-shi"
        ]
    },
    {
        "name": "Hokkaidō",
        "cities": [
            "Abashiri",
            "Abashiri Shi",
            "Akabira",
            "Akabira-shi",
            "Asahikawa",
            "Ashibetsu",
            "Ashibetsu-shi",
            "Bibai",
            "Chitose",
            "Chitose Shi",
            "Date",
            "Date-shi",
            "Ebetsu",
            "Eniwa-shi",
            "Fukagawa",
            "Fukagawa-shi",
            "Furano-shi",
            "Hakodate",
            "Hakodate Shi",
            "Hokuto",
            "Hokuto-shi",
            "Honchō",
            "Ishikari",
            "Ishikari-shi",
            "Iwamizawa",
            "Iwamizawa-shi",
            "Iwanai",
            "Kamiiso",
            "Kamikawa",
            "Kitahiroshima",
            "Kitahiroshima-shi",
            "Kitami",
            "Ktiami Shi",
            "Kushiro",
            "Kushiro Shi",
            "Makubetsu",
            "Mikasa",
            "Mikasa-shi",
            "Mombetsu",
            "Monbetsu Shi",
            "Motomachi",
            "Muroran",
            "Muroran-shi",
            "Nayoro",
            "Nayoro Shi",
            "Nemuro",
            "Nemuro-shi",
            "Niseko Town",
            "Noboribetsu",
            "Noboribetsu-shi",
            "Obihiro",
            "Obihiro Shi",
            "Otaru",
            "Otaru-shi",
            "Otofuke",
            "Rebun Gun",
            "Rishiri Gun",
            "Rishiri Town",
            "Rumoi",
            "Rumoi-shi",
            "Sapporo",
            "Sapporo-shi",
            "Shibetsu",
            "Shibetsu Shi",
            "Shimo-furano",
            "Shiraoi",
            "Shizunai-furukawachō",
            "Sunagawa",
            "Sunagawa-shi",
            "Takikawa",
            "Takikawa-shi",
            "Tōbetsu",
            "Tomakomai",
            "Tomakomai Shi",
            "Utashinai",
            "Utashinai-shi",
            "Wakkanai",
            "Wakkanai Shi",
            "Yoichi",
            "Yūbari",
            "Yūbari-shi"
        ]
    },
    {
        "name": "Hyōgo",
        "cities": [
            "Aioi",
            "Aioi Shi",
            "Akashi",
            "Akashi Shi",
            "Amagasaki Shi",
            "Asago-shi",
            "Ashiya",
            "Ashiya Shi",
            "Awaji Shi",
            "Fukura",
            "Himeji",
            "Himeji Shi",
            "Itami",
            "Itami Shi",
            "Kakogawa Shi",
            "Kakogawachō-honmachi",
            "Kariya",
            "Kasai Shi",
            "Katō Shi",
            "Kawanishi",
            "Kawanishi Shi",
            "Kobe",
            "Miki",
            "Miki Shi",
            "Minamiawaji Shi",
            "Nishinomiya Shi",
            "Nishinomiya-hama",
            "Nishiwaki",
            "Nishiwaki-shi",
            "Ono",
            "Ono Shi",
            "Sanda Shi",
            "Sandachō",
            "Sasayama",
            "Sasayama-shi",
            "Shirahamachō-usazakiminami",
            "Shisō-shi",
            "Sumoto",
            "Sumoto Shi",
            "Taka-gun",
            "Takarazuka",
            "Takarazuka Shi",
            "Takasago Shi",
            "Tanba-shi",
            "Tatsuno-shi",
            "Tatsunochō-tominaga",
            "Toyooka",
            "Toyooka-shi",
            "Yabu",
            "Yabu-shi",
            "Yamazakichō-nakabirose",
            "Yashiro",
            "Yonedacho Sendo"
        ]
    },
    {
        "name": "Ibaraki",
        "cities": [
            "Ami",
            "Bandō",
            "Bandō-shi",
            "Chikusei",
            "Chikusei-shi",
            "Daigo",
            "Edosaki",
            "Fujishiro",
            "Funaishikawa",
            "Hitachi",
            "Hitachi-Naka",
            "Hitachi-ota",
            "Hitachi-shi",
            "Hitachinaka-shi",
            "Hitachiōmiya-shi",
            "Hitachiōta-shi",
            "Hokota-shi",
            "Inashiki",
            "Inashiki-shi",
            "Ishige",
            "Ishioka",
            "Ishioka-shi",
            "Itako",
            "Itako-shi",
            "Iwai",
            "Iwase",
            "Jōsō-shi",
            "Kamisu-shi",
            "Kasama",
            "Kasama-shi",
            "Kashima-shi",
            "Kasumigaura",
            "Kasumigaura-shi",
            "Katsuta",
            "Kitaibaraki",
            "Kitaibaraki-shi",
            "Koga",
            "Koga-shi",
            "Makabe",
            "Mito",
            "Mito-shi",
            "Mitsukaidō",
            "Moriya",
            "Moriya-shi",
            "Naka",
            "Naka-gun",
            "Namegata",
            "Namegata-shi",
            "Ōarai",
            "Okunoya",
            "Omitama-shi",
            "Ōmiya",
            "Ryūgasaki",
            "Ryūgasaki-shi",
            "Sakai",
            "Sakuragawa",
            "Sakuragawa-shi",
            "Shimodate",
            "Shimotsuma-shi",
            "Takahagi",
            "Tomobe",
            "Toride",
            "Toride-shi",
            "Tsuchiura-shi",
            "Tsukuba",
            "Tsukuba-shi",
            "Tsukubamirai",
            "Tsukubamirai-shi",
            "Ushiku",
            "Ushiku-shi",
            "Yūki",
            "Yūki-shi"
        ]
    },
    {
        "name": "Ishikawa",
        "cities": [
            "Hakui",
            "Hakui Shi",
            "Hakusan Shi",
            "Kaga Shi",
            "Kahoku Shi",
            "Kanazawa",
            "Kanazawa-shi",
            "Komatsu",
            "Matsutō",
            "Nanao Shi",
            "Nomi Shi",
            "Nonoichi",
            "Nonoichi-shi",
            "Suzu",
            "Suzu Shi",
            "Tsubata",
            "Tsurugi-asahimachi",
            "Wajima Shi"
        ]
    },
    {
        "name": "Iwate",
        "cities": [
            "Hachimantai",
            "Hachimantai Shi",
            "Hanamaki",
            "Hanamaki Shi",
            "Ichinohe",
            "Ichinoseki",
            "Ichinoseki-shi",
            "Iwate-gun",
            "Kamaishi",
            "Kamaishi-shi",
            "Kitakami",
            "Kitakami-shi",
            "Kuji",
            "Kuji-shi",
            "Miyako",
            "Miyako-shi",
            "Mizusawa",
            "Morioka",
            "Morioka-shi",
            "Ninohe",
            "Ninohe Shi",
            "Ōfunato",
            "Ōfunato-shi",
            "Ōshū",
            "Ōshū-shi",
            "Ōtsuchi",
            "Rikuzentakata-shi",
            "Shizukuishi",
            "Takizawa-shi",
            "Tōno",
            "Tōno-shi",
            "Yamada"
        ]
    },
    {
        "name": "Kagawa",
        "cities": [
            "Higashikagawa Shi",
            "Kan’onji Shi",
            "Kan’onjichō",
            "Marugame",
            "Marugame Shi",
            "Mitoyo Shi",
            "Sakaide Shi",
            "Sakaidechō",
            "Sanuki-shi",
            "Shido",
            "Tadotsu",
            "Takamatsu",
            "Takamatsu Shi",
            "Tonoshō",
            "Zentsūji Shi"
        ]
    },
    {
        "name": "Kagoshima",
        "cities": [
            "Aira Shi",
            "Akune",
            "Akune Shi",
            "Amami",
            "Amami Shi",
            "Hamanoichi",
            "Hioki",
            "Hioki Shi",
            "Ibusuki",
            "Ibusuki Shi",
            "Ichikikushikino Shi",
            "Ijūin",
            "Isa Shi",
            "Izumi",
            "Izumi Shi",
            "Kagoshima",
            "Kagoshima Shi",
            "Kajiki",
            "Kanoya",
            "Kanoya Shi",
            "Kaseda-shirakame",
            "Kirishima Shi",
            "Kokubu-matsuki",
            "Koseda",
            "Koshima",
            "Kurio",
            "Kushikino",
            "Makurazaki",
            "Makurazaki Shi",
            "Minamikyushu Shi",
            "Minamisatsuma Shi",
            "Miyanoura",
            "Nagata",
            "Naze",
            "Nishinoomote",
            "Nishinoomote Shi",
            "Ōkuchi-shinohara",
            "Satsumasendai",
            "Satsumasendai Shi",
            "Shibushi",
            "Shibushi-shi",
            "Soo Shi",
            "Sueyoshichō-ninokata",
            "Tarumizu",
            "Tarumizu Shi",
            "Yudomari"
        ]
    },
    {
        "name": "Kanagawa",
        "cities": [
            "Atsugi",
            "Atsugi Shi",
            "Ayase Shi",
            "Chigasaki",
            "Chigasaki Shi",
            "Ebina Shi",
            "Fujisawa",
            "Fujisawa Shi",
            "Hadano",
            "Hadano-shi",
            "Hakone",
            "Hayama",
            "Hiratsuka",
            "Hiratsuka Shi",
            "Isehara",
            "Isehara Shi",
            "Kamakura",
            "Kamakura Shi",
            "Kawasaki",
            "Kawasaki-shi",
            "Minamiashigara",
            "Minamiashigara Shi",
            "Minamirinkan",
            "Miura",
            "Miura Shi",
            "Ninomiya",
            "Odawara",
            "Odawara-shi",
            "Ōiso",
            "Sagamihara-shi",
            "Yamakita",
            "Yamato-shi",
            "Yokohama",
            "Yokohama Shi",
            "Yokosuka",
            "Yokosuka Shi",
            "Yugawara",
            "Zama",
            "Zama Shi",
            "Zushi Shi"
        ]
    },
    {
        "name": "Kōchi",
        "cities": [
            "Achi",
            "Agematsu",
            "Aki",
            "Anan",
            "Aoki",
            "Asahi",
            "Azumino",
            "Chikuhoku",
            "Chikuma",
            "Chino",
            "Fujimi",
            "Geisei",
            "Hakuba",
            "Hara",
            "Hidaka",
            "Hiraya",
            "Iida",
            "Iijima",
            "Iiyama",
            "Iizuna",
            "Ikeda",
            "Ikusaka",
            "Ina",
            "Ino",
            "Karuizawa",
            "Kawakami",
            "Kijimadaira",
            "Kiso",
            "Kitaaiki",
            "Kitagawa",
            "Kōchi",
            "Komoro",
            "Kōnan",
            "Kuroshio",
            "Matsukawa",
            "Matsumoto",
            "Mihara",
            "Minamiaiki",
            "Minamimaki",
            "Minamiminowa",
            "Minowa",
            "Mitsushima",
            "Miyada",
            "Miyota",
            "Motoyama",
            "Muroto",
            "Nagano",
            "Nagawa",
            "Nagiso",
            "Nahari",
            "Nakagawa",
            "Nakajō",
            "Nakamura",
            "Nakano",
            "Nakatosa",
            "Nankoku",
            "Neba",
            "Niyodogawa",
            "Nozawaonsen",
            "Obuse",
            "Ochi",
            "Ogawa",
            "Ōkawa",
            "Okaya",
            "Ōkuwa",
            "Ōmachi",
            "Omi",
            "Ōshika",
            "Ōtaki",
            "Otari",
            "Ōtoyo",
            "Ōtsuki",
            "Sakae",
            "Sakaki",
            "Sakawa",
            "Saku",
            "Sakuho",
            "Sanada",
            "Shimanto",
            "Shimojō",
            "Shimosuwa",
            "Shinano",
            "Shiojiri",
            "Sukumo",
            "Susaki",
            "Suwa",
            "Suzaka",
            "Takagi",
            "Takamori",
            "Takayama",
            "Tano",
            "Tateshina",
            "Tatsuno",
            "Togari",
            "Tōmi",
            "Tosa",
            "Tosashimizu",
            "Tōyō",
            "Toyooka",
            "Tsuno",
            "Ueda",
            "Umaji",
            "Urugi",
            "Usa",
            "Yamagata",
            "Yamanouchi",
            "Yasuda",
            "Yasuoka",
            "Yawata",
            "Yusuhara"
        ]
    },
    {
        "name": "Kumamoto",
        "cities": [
            "Amakusa Gun",
            "Amakusa Shi",
            "Arao Shi",
            "Aso-shi",
            "Hitoyoshi",
            "Hitoyoshi Shi",
            "Hondomachi-hondo",
            "Honmachi",
            "Kamiamakusa Shi",
            "Kikuchi",
            "Kikuchi Shi",
            "Kōshi Shi",
            "Kumamoto",
            "Kumamoto Shi",
            "Matsubase",
            "Minamata",
            "Minamata Shi",
            "Ōzu",
            "Tamana",
            "Tamana Shi",
            "Uekimachi-mōno",
            "Uki Shi",
            "Ushibukamachi",
            "Uto",
            "Uto Shi",
            "Yamaga Shi",
            "Yatsushiro Shi"
        ]
    },
    {
        "name": "Kyōto",
        "cities": [
            "Arashiyama",
            "Ayabe",
            "Ayabe-shi",
            "Fukuchiyama-shi",
            "Jōyō Shi",
            "Kameoka",
            "Kameoka-shi",
            "Kamigyō-ku",
            "Kizugawa-shi",
            "Kyōtanabe Shi",
            "Kyōtango-shi",
            "Kyoto",
            "Maizuru",
            "Maizuru-shi",
            "Miyazu",
            "Miyazu-shi",
            "Mukō Shi",
            "Nagaokakyō Shi",
            "Nantan-shi",
            "Tanabe",
            "Uji",
            "Uji Shi",
            "Yawata",
            "Yawata Shi"
        ]
    },
    {
        "name": "Mie",
        "cities": [
            "Hisai-motomachi",
            "Iga-shi",
            "Inabe",
            "Inabe-shi",
            "Ise",
            "Ise-shi",
            "Kameyama",
            "Kameyama Shi",
            "Kawage",
            "Komono",
            "Kumano",
            "Kumano-shi",
            "Kuwana",
            "Kuwana-shi",
            "Matsuzaka-shi",
            "Nabari",
            "Nabari-shi",
            "Owase",
            "Shima",
            "Shima-shi",
            "Suzuka",
            "Suzuka-shi",
            "Toba",
            "Toba-shi",
            "Tsu",
            "Tsu-shi",
            "Ueno-ebisumachi",
            "Yokkaichi-shi"
        ]
    },
    {
        "name": "Miyagi",
        "cities": [
            "Furukawa",
            "Higashimatshushima Shi",
            "Higashimatsushima",
            "Ishinomaki",
            "Ishinomaki Shi",
            "Iwanuma",
            "Iwanuma-shi",
            "Kakuda",
            "Kakuda Shi",
            "Kesennuma",
            "Kesennuma Shi",
            "Kogota",
            "Kurihara",
            "Kurihara Shi",
            "Marumori",
            "Matsushima",
            "Natori Shi",
            "Ōkawara",
            "Onagawa Chō",
            "Ōsaki",
            "Ōsaki Shi",
            "Rifu",
            "Sendai",
            "Shiogama",
            "Shiroishi",
            "Shiroishi Shi",
            "Tagajō Shi",
            "Tome Shi",
            "Tomiya",
            "Wakuya",
            "Watari",
            "Watari-gun",
            "Yamoto"
        ]
    },
    {
        "name": "Miyazaki",
        "cities": [
            "Ebino-shi",
            "Hyūga-shi",
            "Kobayashi",
            "Kobayashi Shi",
            "Kushima",
            "Kushima Shi",
            "Miyakonojō",
            "Miyakonojō Shi",
            "Miyazaki",
            "Miyazaki-shi",
            "Nichinan",
            "Nichinan Shi",
            "Nobeoka",
            "Nobeoka-shi",
            "Saito-shi",
            "Takanabe",
            "Tsuma"
        ]
    },
    {
        "name": "Nagano",
        "cities": [
            "Azumino-Shi",
            "Chikuma Shi",
            "Chino",
            "Chino Shi",
            "Hakuba",
            "Hotaka",
            "Iida",
            "Iida-shi",
            "Iiyama",
            "Iiyama Shi",
            "Ina",
            "Ina-shi",
            "Kamimaruko",
            "Komagane",
            "Komagane-shi",
            "Komoro",
            "Komoro Shi",
            "Matsumoto",
            "Matsumoto Shi",
            "Nagano",
            "Nagano Shi",
            "Nakano Shi",
            "Okaya",
            "Okaya Shi",
            "Ōmachi",
            "Ōmachi-shi",
            "Saku",
            "Saku Shi",
            "Shiojiri",
            "Shiojiri-shi",
            "Suwa",
            "Suwa Shi",
            "Suzaka",
            "Suzaka-shi",
            "Tatsuno",
            "Tōmi",
            "Tōmi Shi",
            "Toyoshina",
            "Ueda",
            "Ueda Shi"
        ]
    },
    {
        "name": "Nagasaki",
        "cities": [
            "Fukuechō",
            "Gotō Shi",
            "Hirado",
            "Hirado Shi",
            "Iki Shi",
            "Isahaya",
            "Isahaya-shi",
            "Matsuura",
            "Matsuura Shi",
            "Minamishimabara-shi",
            "Nagasaki",
            "Nagasaki-shi",
            "Obita",
            "Ōmura",
            "Ōmura-shi",
            "Saikai-shi",
            "Sasebo Shi",
            "Shimabara",
            "Shimabara-shi",
            "Togitsu",
            "Tsushima Shi",
            "Unzen-shi"
        ]
    },
    {
        "name": "Nara",
        "cities": [
            "Gojō",
            "Gojō-shi",
            "Gose",
            "Haibara-akanedai",
            "Hōryūji",
            "Ikoma",
            "Ikoma-shi",
            "Kashiba-shi",
            "Kashihara-shi",
            "Katsuragi",
            "Katsuragi Shi",
            "Nara-shi",
            "Sakurai",
            "Sakurai-shi",
            "Tawaramoto",
            "Tenri",
            "Tenri-shi",
            "Uda Shi",
            "Yamatokōriyama-shi",
            "Yamatotakada-shi",
            "Yoshino-chō"
        ]
    },
    {
        "name": "Niigata",
        "cities": [
            "Agano Shi",
            "Arai",
            "Gosen",
            "Gosen Shi",
            "Itoigawa",
            "Itoigawa Shi",
            "Jōetsu",
            "Jōetsu Shi",
            "Kameda-honchō",
            "Kamo",
            "Kamo Shi",
            "Kashiwazaki",
            "Kashiwazaki Shi",
            "Maki",
            "Minamiuonuma Shi",
            "Mitsuke",
            "Mitsuke Shi",
            "Muikamachi",
            "Murakami Shi",
            "Muramatsu",
            "Myoko-shi",
            "Nagaoka",
            "Nagaoka Shi",
            "Niigata",
            "Niigata Shi",
            "Niitsu-honchō",
            "Ojiya",
            "Ojiya-shi",
            "Ryōtsu-minato",
            "Sado Shi",
            "Sanjō Shi",
            "Shibata",
            "Shibata Shi",
            "Shiozawa",
            "Shirone",
            "Suibara",
            "Tainai",
            "Tainai Shi",
            "Tochio-honchō",
            "Tōkamachi",
            "Tōkamachi-shi",
            "Tsubame",
            "Tsubame Shi",
            "Uonuma",
            "Uonuma Shi",
            "Yoshida-kasugachō"
        ]
    },
    {
        "name": "Ōita",
        "cities": [
            "Beppu",
            "Beppu Shi",
            "Bungo-ōno Shi",
            "Bungo-Takada-shi",
            "Hiji",
            "Hita",
            "Hita Shi",
            "Kitsuki",
            "Kitsuki Shi",
            "Kunisaki-shi",
            "Nakatsu",
            "Nakatsu Shi",
            "Ōita",
            "Ōita-shi",
            "Saiki",
            "Saiki-shi",
            "Takedamachi",
            "Taketa-shi",
            "Tsukawaki",
            "Tsukumi-shi",
            "Tsukumiura",
            "Tsurusaki",
            "Usa Shi",
            "Usuki",
            "Usuki Shi",
            "Yufu-shi"
        ]
    },
    {
        "name": "Okayama",
        "cities": [
            "Akaiwa Shi",
            "Asakuchi Shi",
            "Bizen Shi",
            "Ibara",
            "Ibara Shi",
            "Kamogatachō-kamogata",
            "Kasaoka",
            "Kasaoka Shi",
            "Kurashiki",
            "Kurashiki Shi",
            "Maniwa-shi",
            "Mimasaka-shi",
            "Niimi",
            "Niimi Shi",
            "Okayama",
            "Okayama Shi",
            "Setouchi Shi",
            "Sōja",
            "Sōja Shi",
            "Takahashi",
            "Takahashi Shi",
            "Tamano",
            "Tamano Shi",
            "Tsuyama",
            "Tsuyama-shi"
        ]
    },
    {
        "name": "Okinawa",
        "cities": [
            "Chatan",
            "Ginowan Shi",
            "Gushikawa",
            "Hirara",
            "Ishigaki",
            "Ishigaki-shi",
            "Ishikawa",
            "Itoman",
            "Itoman Shi",
            "Katsuren-haebaru",
            "Miyakojima Shi",
            "Nago",
            "Nago Shi",
            "Naha",
            "Naha Shi",
            "Nakagami-gun",
            "Nanjō",
            "Nanjō Shi",
            "Okinawa",
            "Okinawa Shi",
            "Tomigusuku",
            "Tomigusuku-shi",
            "Urasoe Shi",
            "Uruma Shi",
            "Yonakuni"
        ]
    },
    {
        "name": "Ōsaka",
        "cities": [
            "Daitō Shi",
            "Daitōchō",
            "Fujiidera-shi",
            "Habikino-shi",
            "Hannan",
            "Hannan Shi",
            "Higashiōsaka Shi",
            "Hirakata",
            "Hirakata Shi",
            "Ibaraki",
            "Ibaraki Shi",
            "Ikeda",
            "Ikeda Shi",
            "Izumi",
            "Izumi Shi",
            "Izumiōtsu",
            "Izumiōtsu Shi",
            "Izumisano",
            "Izumisano Shi",
            "Kadoma",
            "Kadoma Shi",
            "Kaizuka",
            "Kaizuka Shi",
            "Kashihara",
            "Kashiwara-shi",
            "Katano Shi",
            "Kawachi-nagano Shi",
            "Kishiwada",
            "Kishiwada Shi",
            "Matsubara",
            "Matsubara-shi",
            "Mino",
            "Minoo Shi",
            "Mishima-gun",
            "Moriguchi",
            "Neyagawa",
            "Neyagawa Shi",
            "Osaka",
            "Ōsaka-sayama Shi",
            "Sakai",
            "Sakai Shi",
            "Sennan Shi",
            "Settsu Shi",
            "Shijonawate Shi",
            "Suita",
            "Suita Shi",
            "Tajiri",
            "Takaishi",
            "Takaishi Shi",
            "Takatsuki",
            "Takatsuki Shi",
            "Tondabayashi Shi",
            "Tondabayashichō",
            "Toyonaka",
            "Toyonaka Shi",
            "Yao",
            "Yao-shi"
        ]
    },
    {
        "name": "Saga",
        "cities": [
            "Imari Shi",
            "Imarichō-kō",
            "Kanzaki Shi",
            "Karatsu",
            "Karatsu Shi",
            "Kashima",
            "Kashima Shi",
            "Miyaki-gun",
            "Ogi-shi",
            "Saga",
            "Saga Shi",
            "Takeo Shi",
            "Takeochō-takeo",
            "Taku Shi",
            "Tosu Shi",
            "Ureshino Shi"
        ]
    },
    {
        "name": "Saitama",
        "cities": [
            "Ageo Shi",
            "Ageoshimo",
            "Asaka",
            "Asaka-shi",
            "Chichibu",
            "Chichibu-shi",
            "Fujimi-shi",
            "Fujimino Shi",
            "Fukaya-shi",
            "Fukayachō",
            "Fukiage-fujimi",
            "Gyōda",
            "Hannō",
            "Hannō-shi",
            "Hanyū",
            "Hanyū-shi",
            "Hasuda",
            "Hasuda-shi",
            "Hatogaya-honchō",
            "Hidaka-shi",
            "Higashimatsuyama Shi",
            "Hiki-gun",
            "Honjō",
            "Honjō Shi",
            "Iruma-shi",
            "Iwatsuki",
            "Kamifukuoka",
            "Kasukabe",
            "Kasukabe Shi",
            "Kawagoe",
            "Kawagoe-shi",
            "Kawaguchi",
            "Kawaguchi-shi",
            "Kazo",
            "Kazo-shi",
            "Kisai",
            "Kitamoto Shi",
            "Kodamachō-kodamaminami",
            "Kōnosu",
            "Konosu-Shi",
            "Koshigaya Shi",
            "Kuki-shi",
            "Kukichūō",
            "Kumagaya Shi",
            "Kurihashi",
            "Menuma",
            "Misato Shi",
            "Morohongō",
            "Niiza-shi",
            "Ogawa",
            "Ōi",
            "Okegawa",
            "Okegawa-shi",
            "Ōsato-gun",
            "Saitama",
            "Saitama-shi",
            "Sakado",
            "Sakado-shi",
            "Satte",
            "Satte Shi",
            "Sayama",
            "Shiki",
            "Shiki Shi",
            "Shimotoda",
            "Shiraoka",
            "Shiraoka-shi",
            "Shōbu",
            "Sōka",
            "Sōka Shi",
            "Sugito",
            "Toda-shi",
            "Tokorozawa",
            "Tokorozawa-shi",
            "Tsurugashima-shi",
            "Wako",
            "Wakō-shi",
            "Warabi-shi",
            "Yashio",
            "Yashio-shi",
            "Yono",
            "Yorii",
            "Yoshikawa",
            "Yoshikawa Shi"
        ]
    },
    {
        "name": "Shiga",
        "cities": [
            "Higashiōmi-shi",
            "Hikone",
            "Hikone-shi",
            "Hino",
            "Kitahama",
            "Kōka-shi",
            "Konan-shi",
            "Kusatsu",
            "Kusatsu-shi",
            "Maibara",
            "Maibara-shi",
            "Minakuchichō-matoba",
            "Moriyama",
            "Moriyama-shi",
            "Nagahama",
            "Nagahama-shi",
            "Ōmihachiman",
            "Ōmihachiman-shi",
            "Ōtsu-shi",
            "Rittō-shi",
            "Takashima",
            "Takashima-shi",
            "Yasu-shi",
            "Youkaichi"
        ]
    },
    {
        "name": "Shimane",
        "cities": [
            "Gōtsu Shi",
            "Gōtsuchō",
            "Hamada",
            "Hamada Shi",
            "Hiratachō",
            "Izumo",
            "Izumo Shi",
            "Masuda",
            "Masuda Shi",
            "Matsue",
            "Matsue Shi",
            "Ōda Shi",
            "Ōdachō-ōda",
            "Unnan Shi",
            "Yasugi Shi",
            "Yasugichō"
        ]
    },
    {
        "name": "Shizuoka",
        "cities": [
            "Atami",
            "Atami-shi",
            "Fuji Shi",
            "Fujieda Shi",
            "Fujinomiya",
            "Fujinomiya Shi",
            "Fukuroi",
            "Fukuroi-shi",
            "Gotenba Shi",
            "Hamakita",
            "Hamamatsu",
            "Hamamatsu-shi",
            "Heda",
            "Itō",
            "Itō Shi",
            "Iwata",
            "Iwata-shi",
            "Izu",
            "Izu-shi",
            "Izunokuni-shi",
            "Kakegawa",
            "Kakegawa Shi",
            "Kanaya",
            "Kikugawa-shi",
            "Kosai",
            "Kosai-shi",
            "Makinohara Shi",
            "Mishima",
            "Mishima Shi",
            "Mori",
            "Numazu-shi",
            "Omaezaki-shi",
            "Ōyama",
            "Sagara",
            "Shimada",
            "Shimada-shi",
            "Shimoda",
            "Shimoda-shi",
            "Shizuoka",
            "Shizuoka-shi",
            "Susono",
            "Susono Shi",
            "Yaizu",
            "Yaizu Shi"
        ]
    },
    {
        "name": "Tochigi",
        "cities": [
            "Ashikaga",
            "Fujioka",
            "Imaichi",
            "Kaminokawa",
            "Kanuma",
            "Kanuma-shi",
            "Karasuyama",
            "Kuroiso",
            "Mashiko",
            "Mibu",
            "Mooka",
            "Mooka-shi",
            "Motegi",
            "Nasukarasuyama",
            "Nasukarasuyama-shi",
            "Nasushiobara-shi",
            "Nikkō",
            "Nikko-shi",
            "Ōtawara",
            "Ōtawara-shi",
            "Oyama",
            "Oyama-shi",
            "Sakura-shi",
            "Sano",
            "Sano-shi",
            "Shimotsuke-shi",
            "Tanuma",
            "Tochigi-shi",
            "Ujiie",
            "Utsunomiya",
            "Utsunomiya-shi",
            "Yaita",
            "Yaita-shi"
        ]
    },
    {
        "name": "Tokushima",
        "cities": [
            "Anan Shi",
            "Awa-shi",
            "Ikedachō",
            "Ishii",
            "Kamojimachō-jōgejima",
            "Katsuura Gun",
            "Komatsushima Shi",
            "Komatsushimachō",
            "Mima Shi",
            "Miyoshi Shi",
            "Miyoshi-gun",
            "Naruto-shi",
            "Narutochō-mitsuishi",
            "Tokushima",
            "Tokushima Shi",
            "Wakimachi",
            "Yoshinogawa Shi"
        ]
    },
    {
        "name": "Tokyo",
        "cities": [
            "Adachi Ku",
            "Akiruno-shi",
            "Akishima-shi",
            "Arakawa Ku",
            "Bunkyō-ku",
            "Chiyoda-ku",
            "Chōfu",
            "Chōfu-shi",
            "Chūō Ku",
            "Edogawa Ku",
            "Fuchū-shi",
            "Fussa",
            "Hachiōji",
            "Hamura-shi",
            "Higashi-murayama-shi",
            "Higashikurume-shi",
            "Higashimurayama",
            "Higashiyamato",
            "Higashiyamato-shi",
            "Hino",
            "Hino-shi",
            "Inagi-shi",
            "Itabashi-ku",
            "Itsukaichi",
            "Kamirenjaku",
            "Katsushika Ku",
            "Kita-ku",
            "Kiyose-shi",
            "Kodaira-shi",
            "Koganei-shi",
            "Kokubunji",
            "Kokubunji-shi",
            "Komae-shi",
            "Kōtō-ku",
            "Kunitachi-shi",
            "Machida",
            "Machida-shi",
            "Meguro-ku",
            "Minato-ku",
            "Mitaka-shi",
            "Musashimurayama-shi",
            "Musashino",
            "Musashino-shi",
            "Nakano-ku",
            "Nerima-ku",
            "Nishi-Tokyo-shi",
            "Nishitōkyō-shi",
            "Ōme",
            "Ōme-shi",
            "Ōta-ku",
            "Setagaya-ku",
            "Shibuya-ku",
            "Shinagawa-ku",
            "Shinjuku-ku",
            "Suginami-ku",
            "Sumida-ku",
            "Tachikawa-shi",
            "Taitō-ku",
            "Tama-shi",
            "Tanashichō",
            "Tokyo",
            "Toshima-ku",
            "Urayasu"
        ]
    },
    {
        "name": "Tottori",
        "cities": [
            "Kurayoshi-shi",
            "Sakaiminato",
            "Sakaiminato Shi",
            "Tottori-shi",
            "Yonago Shi"
        ]
    },
    {
        "name": "Toyama",
        "cities": [
            "Fukumitsu",
            "Himi Shi",
            "Himimachi",
            "Imizu Shi",
            "Kamiichi",
            "Kurobe-shi",
            "Namerikawa",
            "Namerikawa-shi",
            "Nanto Shi",
            "Nanto-shi",
            "Nishishinminato",
            "Nyūzen",
            "Oyabe",
            "Oyabe Shi",
            "Takaoka",
            "Takaoka Shi",
            "Tonami Shi",
            "Toyama Shi",
            "Uozu",
            "Uozu Shi",
            "Yatsuomachi-higashikumisaka"
        ]
    },
    {
        "name": "Wakayama",
        "cities": [
            "Arida Shi",
            "Gobō",
            "Hashimoto",
            "Hashimoto Shi",
            "Iwade",
            "Iwade Shi",
            "Kainan",
            "Kainan Shi",
            "Kinokawa Shi",
            "Kōya",
            "Minato",
            "Shingū",
            "Shingū-shi",
            "Tanabe-shi",
            "Wakayama",
            "Wakayama Shi"
        ]
    },
    {
        "name": "Yamagata",
        "cities": [
            "Higashine",
            "Higashine Shi",
            "Kaminoyama",
            "Kaminoyama-shi",
            "Murayama",
            "Murayama Shi",
            "Nagai",
            "Nagai-shi",
            "Nanyō Shi",
            "Obanazawa",
            "Obanazawa Shi",
            "Sagae",
            "Sagae-shi",
            "Sakata",
            "Sakata Shi",
            "Shinjō",
            "Shinjō Shi",
            "Takahata",
            "Tendō",
            "Tendō Shi",
            "Tsuruoka",
            "Tsuruoka Shi",
            "Yamagata",
            "Yamagata Shi",
            "Yonezawa",
            "Yonezawa Shi",
            "Yuza"
        ]
    },
    {
        "name": "Yamaguchi",
        "cities": [
            "Hagi",
            "Hagi Shi",
            "Hikari",
            "Hikari Shi",
            "Hōfu",
            "Hofu Shi",
            "Iwakuni Shi",
            "Kudamatsu",
            "Kudamatsu Shi",
            "Mine Shi",
            "Nagato",
            "Nagato Shi",
            "Ogōri-shimogō",
            "Onoda",
            "Sanyōonoda Shi",
            "Shimonoseki Shi",
            "Shūnan Shi",
            "Tokuyama",
            "Ube",
            "Yamaguchi Shi",
            "Yanai Shi"
        ]
    },
    {
        "name": "Yamanashi",
        "cities": [
            "Chūō-shi",
            "Enzan",
            "Fuefuki-shi",
            "Fuji-yoshida Shi",
            "Fujikawaguchiko",
            "Fujiyoshida",
            "Hokuto",
            "Hokuto-shi",
            "Isawa",
            "Kai-shi",
            "Kōfu",
            "Kōfu-shi",
            "Kōshū-shi",
            "Minami Alps-shi",
            "Nirasaki",
            "Nirasaki-shi",
            "Ōtsuki",
            "Ōtsuki-shi",
            "Ryūō",
            "Tsuru-shi",
            "Uenohara",
            "Uenohara-shi",
            "Yamanashi-shi"
        ]
    }
]