[
    {
        "name": "Aichi"
    },
    {
        "name": "Akita"
    },
    {
        "name": "Aomori"
    },
    {
        "name": "Chiba"
    },
    {
        "name": "Ehime"
    },
    {
        "name": "Fukui"
    },
    {
        "name": "Fukuoka"
    },
    {
        "name": "Fukushima"
    },
    {
        "name": "Gifu"
    },
    {
        "name": "Gunma"
    },
    {
        "name": "Hiroshima"
    },
    {
        "name": "Hokkaidō"
    },
    {
        "name": "Hyōgo"
    },
    {
        "name": "Ibaraki"
    },
    {
        "name": "Ishikawa"
    },
    {
        "name": "Iwate"
    },
    {
        "name": "Kagawa"
    },
    {
        "name": "Kagoshima"
    },
    {
        "name": "Kanagawa"
    },
    {
        "name": "Kōchi"
    },
    {
        "name": "Kumamoto"
    },
    {
        "name": "Kyōto"
    },
    {
        "name": "Mie"
    },
    {
        "name": "Miyagi"
    },
    {
        "name": "Miyazaki"
    },
    {
        "name": "Nagano"
    },
    {
        "name": "Nagasaki"
    },
    {
        "name": "Nara"
    },
    {
        "name": "Niigata"
    },
    {
        "name": "Ōita"
    },
    {
        "name": "Okayama"
    },
    {
        "name": "Okinawa"
    },
    {
        "name": "Ōsaka"
    },
    {
        "name": "Saga"
    },
    {
        "name": "Saitama"
    },
    {
        "name": "Shiga"
    },
    {
        "name": "Shimane"
    },
    {
        "name": "Shizuoka"
    },
    {
        "name": "Tochigi"
    },
    {
        "name": "Tokushima"
    },
    {
        "name": "Tokyo"
    },
    {
        "name": "Tottori"
    },
    {
        "name": "Toyama"
    },
    {
        "name": "Wakayama"
    },
    {
        "name": "Yamagata"
    },
    {
        "name": "Yamaguchi"
    },
    {
        "name": "Yamanashi"
    }
]