[
    {
        "name": "Alta Verapaz ",
        "cities": [
            "Cahabón",
            "Chahal Guatemala",
            "Chisec",
            "Cobán",
            "La Tinta",
            "Lanquín",
            "Panzós",
            "San Cristóbal Verapaz",
            "San Juan Chamelco",
            "San Pedro Carchá",
            "Santa Cruz Verapaz",
            "Senahú",
            "Tactic",
            "Tamahú",
            "Tucurú"
        ]
    },
    {
        "name": "Baja Verapaz ",
        "cities": [
            "Cubulco",
            "El Chol",
            "Granados",
            "Purulhá",
            "Rabinal",
            "Salamá",
            "San Jerónimo",
            "San Miguel Chicaj"
        ]
    },
    {
        "name": "Chimaltenango ",
        "cities": [
            "Acatenango",
            "Chimaltenango",
            "Comalapa",
            "El Tejar",
            "Parramos",
            "Patzicía",
            "Patzún",
            "Pochuta",
            "San Andrés Itzapa",
            "San José Poaquil",
            "San Martín Jilotepeque",
            "Santa Apolonia",
            "Santa Cruz Balanyá",
            "Tecpán Guatemala",
            "Yepocapa",
            "Zaragoza"
        ]
    },
    {
        "name": "Chiquimula ",
        "cities": [
            "Camotán",
            "Chiquimula",
            "Concepción Las Minas",
            "Esquipulas",
            "Ipala",
            "Jocotán",
            "Olopa",
            "Quezaltepeque",
            "San Jacinto",
            "San José La Arada",
            "San Juan Ermita"
        ]
    },
    {
        "name": "El Progreso ",
        "cities": [
            "El Jícaro",
            "Guastatoya",
            "Morazán",
            "San Agustín Acasaguastlán",
            "San Antonio La Paz",
            "San Cristóbal Acasaguastlán",
            "Sanarate",
            "Sansare"
        ]
    },
    {
        "name": "Escuintla ",
        "cities": [
            "Escuintla",
            "Guanagazapa",
            "Iztapa",
            "La Democracia",
            "La Gomera",
            "Masagua",
            "Nueva Concepción",
            "Palín",
            "Puerto San José",
            "San Vicente Pacaya",
            "Santa Lucía Cotzumalguapa",
            "Siquinalá",
            "Tiquisate"
        ]
    },
    {
        "name": "Guatemala ",
        "cities": [
            "Amatitlán",
            "Chinautla",
            "Chuarrancho",
            "Fraijanes",
            "Guatemala City",
            "Mixco",
            "Palencia",
            "Petapa",
            "San José del Golfo",
            "San José Pinula",
            "San Juan Sacatepéquez",
            "San Pedro Ayampuc",
            "San Pedro Sacatepéquez",
            "San Raimundo",
            "Santa Catarina Pinula",
            "Villa Canales",
            "Villa Nueva"
        ]
    },
    {
        "name": "Huehuetenango ",
        "cities": [
            "Aguacatán",
            "Barillas",
            "Chiantla",
            "Colotenango",
            "Concepción Huista",
            "Cuilco",
            "Huehuetenango",
            "Ixtahuacán",
            "Jacaltenango",
            "La Libertad",
            "Malacatancito",
            "Nentón",
            "San Antonio Huista",
            "San Gaspar Ixchil",
            "San Juan Atitán",
            "San Juan Ixcoy",
            "San Mateo Ixtatán",
            "San Miguel Acatán",
            "San Pedro Necta",
            "San Rafael La Independencia",
            "San Rafael Petzal",
            "San Sebastián Coatán",
            "San Sebastián Huehuetenango",
            "Santa Ana Huista",
            "Santa Bárbara",
            "Santa Eulalia",
            "Santiago Chimaltenango",
            "Soloma",
            "Tectitán",
            "Todos Santos Cuchumatán"
        ]
    },
    {
        "name": "Izabal ",
        "cities": [
            "El Estor",
            "Lívingston",
            "Los Amates",
            "Morales",
            "Municipio de Morales",
            "Municipio de Puerto Barrios",
            "Puerto Barrios"
        ]
    },
    {
        "name": "Jalapa ",
        "cities": [
            "Jalapa",
            "Mataquescuintla",
            "Monjas",
            "Municipio de Jalapa",
            "Municipio de Mataquescuintla",
            "San Luis Jilotepeque",
            "San Manuel Chaparrón",
            "San Pedro Pinula"
        ]
    },
    {
        "name": "Jutiapa ",
        "cities": [
            "Agua Blanca",
            "Asunción Mita",
            "Atescatempa",
            "Comapa",
            "Conguaco",
            "El Adelanto",
            "El Progreso",
            "Jalpatagua",
            "Jerez",
            "Jutiapa",
            "Moyuta",
            "Municipio de Asunción Mita",
            "Pasaco",
            "Quesada",
            "San José Acatempa",
            "Santa Catarina Mita",
            "Yupiltepeque",
            "Zapotitlán"
        ]
    },
    {
        "name": "Petén ",
        "cities": [
            "Dolores",
            "Flores",
            "La Libertad",
            "Melchor de Mencos",
            "Municipio de Flores",
            "Municipio de Poptún",
            "Municipio de San Andrés",
            "Municipio de San Benito",
            "Municipio de San Francisco",
            "Municipio de Santa Ana",
            "Municipio de Sayaxché",
            "Poptún",
            "San Andrés",
            "San Benito",
            "San Francisco",
            "San José",
            "San Luis",
            "Santa Ana",
            "Sayaxché"
        ]
    },
    {
        "name": "Quetzaltenango ",
        "cities": [
            "Almolonga",
            "Cabricán",
            "Cajolá",
            "Cantel",
            "Coatepeque",
            "Colomba",
            "Concepción Chiquirichapa",
            "El Palmar",
            "Flores Costa Cuca",
            "Génova",
            "Huitán",
            "La Esperanza",
            "Municipio de Almolonga",
            "Municipio de Cabricán",
            "Municipio de Cantel",
            "Municipio de Coatepeque",
            "Municipio de Colomba",
            "Municipio de Concepción Chiquirichapa",
            "Municipio de Flores Costa Cuca",
            "Municipio de San Juan Ostuncalco",
            "Olintepeque",
            "Ostuncalco",
            "Palestina de los Altos",
            "Quetzaltenango",
            "Salcajá",
            "Samayac",
            "San Carlos Sija",
            "San Francisco la Unión",
            "San Martín Sacatepéquez",
            "San Mateo",
            "San Miguel Sigüilá",
            "Sibilia",
            "Zunil"
        ]
    },
    {
        "name": "Quiché ",
        "cities": [
            "Canillá",
            "Chajul",
            "Chicamán",
            "Chiché",
            "Chichicastenango",
            "Chinique",
            "Cunén",
            "Joyabaj",
            "Municipio de Canillá",
            "Municipio de Chajul",
            "Municipio de Chicaman",
            "Municipio de Chiché",
            "Municipio de Chichicastenango",
            "Municipio de Chinique",
            "Municipio de Cunén",
            "Municipio de Ixcan",
            "Municipio de Joyabaj",
            "Municipio de Pachalum",
            "Municipio de Patzité",
            "Municipio de San Andrés Sajcabajá",
            "Municipio de San Antonio Ilotenango",
            "Municipio de San Juan Cotzal",
            "Municipio de San Pedro Jocopilas",
            "Municipio de Uspantán",
            "Municipio de Zacualpa",
            "Nebaj",
            "Pachalum",
            "Patzité",
            "Playa Grande",
            "Sacapulas",
            "San Andrés Sajcabajá",
            "San Antonio Ilotenango",
            "San Bartolomé Jocotenango",
            "San Juan Cotzal",
            "San Luis Ixcán",
            "San Pédro Jocopilas",
            "Santa Cruz del Quiché",
            "Uspantán",
            "Zacualpa"
        ]
    },
    {
        "name": "Retalhuleu ",
        "cities": [
            "Champerico",
            "El Asintal",
            "Municipio de San Felipe",
            "Nuevo San Carlos",
            "Retalhuleu",
            "San Andrés Villa Seca",
            "San Felipe",
            "San Martín Zapotitlán",
            "San Sebastián",
            "Santa Cruz Muluá"
        ]
    },
    {
        "name": "Sacatepéquez ",
        "cities": [
            "Alotenango",
            "Antigua Guatemala",
            "Ciudad Vieja",
            "Jocotenango",
            "Magdalena Milpas Altas",
            "Municipio de Alotenango",
            "Municipio de Antigua Guatemala",
            "Municipio de Ciudad Vieja",
            "Municipio de Jocotenango",
            "Municipio de Magdalena Milpas Altas",
            "Municipio de Santa Lucía Milpas Altas",
            "Municipio de Santa María de Jesús",
            "Pastores",
            "San Antonio Aguas Calientes",
            "San Bartolomé Milpas Altas",
            "San Lucas Sacatepéquez",
            "San Miguel Dueñas",
            "Santa Catarina Barahona",
            "Santa Lucía Milpas Altas",
            "Santa María de Jesús",
            "Santiago Sacatepéquez",
            "Santo Domingo Xenacoj",
            "Sumpango"
        ]
    },
    {
        "name": "San Marcos ",
        "cities": [
            "Catarina",
            "Ciudad Tecún Umán",
            "Comitancillo",
            "Concepción Tutuapa",
            "El Quetzal",
            "El Rodeo",
            "El Tumbador",
            "Esquipulas Palo Gordo",
            "Ixchiguán",
            "La Reforma",
            "Malacatán",
            "Municipio de Concepción Tutuapa",
            "Municipio de Malacatán",
            "Municipio de Sipacapa",
            "Municipio de Tejutla",
            "Nuevo Progreso",
            "Ocós",
            "Pajapita",
            "Río Blanco",
            "San Antonio Sacatepéquez",
            "San Cristóbal Cucho",
            "San José Ojetenam",
            "San José Ojetenán",
            "San Lorenzo",
            "San Marcos",
            "San Miguel Ixtahuacán",
            "San Pablo",
            "San Pedro Sacatepéquez",
            "San Rafael Pie de la Cuesta",
            "Sibinal",
            "Sipacapa",
            "Tacaná",
            "Tajumulco",
            "Tejutla"
        ]
    },
    {
        "name": "Santa Rosa ",
        "cities": [
            "Barberena",
            "Casillas",
            "Chiquimulilla",
            "Cuilapa",
            "Guazacapán",
            "Municipio de Casillas",
            "Municipio de Chiquimulilla",
            "Municipio de Guazacapán",
            "Nueva Santa Rosa",
            "Oratorio",
            "Pueblo Nuevo Viñas",
            "San Juan Tecuaco",
            "San Rafael Las Flores",
            "Santa Cruz Naranjo",
            "Santa María Ixhuatán",
            "Santa Rosa de Lima",
            "Taxisco"
        ]
    },
    {
        "name": "Sololá ",
        "cities": [
            "Concepción",
            "Municipio de Nahualá",
            "Municipio de Panajachel",
            "Municipio de Santa Catarina Palopó",
            "Municipio de Santa Cruz La Laguna",
            "Nahualá",
            "Panajachel",
            "San Andrés Semetabaj",
            "San Antonio Palopó",
            "San José Chacayá",
            "San Juan La Laguna",
            "San Lucas Tolimán",
            "San Marcos La Laguna",
            "San Pablo La Laguna",
            "San Pedro La Laguna",
            "Santa Catarina Ixtahuacán",
            "Santa Catarina Palopó",
            "Santa Clara La Laguna",
            "Santa Cruz La Laguna",
            "Santa Lucía Utatlán",
            "Santa María Visitación",
            "Santiago Atitlán",
            "Sololá"
        ]
    },
    {
        "name": "Suchitepéquez ",
        "cities": [
            "Chicacao",
            "Cuyotenango",
            "Mazatenango",
            "Municipio de San Antonio Suchitepéquez",
            "Municipio de San Miguel Panán",
            "Municipio de Santa Bárbara",
            "Patulul",
            "Pueblo Nuevo",
            "Río Bravo",
            "San Antonio Suchitepéquez",
            "San Bernardino",
            "San Francisco Zapotitlán",
            "San Gabriel",
            "San José El Ídolo",
            "San Juan Bautista",
            "San Lorenzo",
            "San Miguel Panán",
            "San Pablo Jocopilas",
            "Santa Bárbara",
            "Santo Domingo Suchitepéquez",
            "Santo Tomás La Unión",
            "Zunilito"
        ]
    },
    {
        "name": "Totonicapán ",
        "cities": [
            "Momostenango",
            "Municipio de Momostenango",
            "Municipio de Santa María Chiquimula",
            "Municipio de Totonicapán",
            "San Andrés Xecul",
            "San Bartolo",
            "San Cristóbal Totonicapán",
            "San Francisco El Alto",
            "Santa Lucia La Reforma",
            "Santa María Chiquimula",
            "Totonicapán"
        ]
    },
    {
        "name": "Zacapa",
        "cities": []
    }
]