[
    {
        "name": "Artigas",
        "cities": [
            "Artigas",
            "Baltasar Brum",
            "Bella Unión",
            "Las Piedras",
            "Tomás Gomensoro"
        ]
    },
    {
        "name": "Canelones",
        "cities": [
            "Aguas Corrientes",
            "Atlántida",
            "Barra de Carrasco",
            "Barros Blancos",
            "Canelones",
            "Colonia Nicolich",
            "Empalme Olmos",
            "Joaquín Suárez",
            "Juanicó",
            "La Floresta",
            "La Paz",
            "Las Piedras",
            "Las Toscas",
            "Los Cerrillos",
            "Migues",
            "Montes",
            "Pando",
            "Paso de Carrasco",
            "Progreso",
            "San Antonio",
            "San Bautista",
            "San Jacinto",
            "San Ramón",
            "Santa Lucía",
            "Santa Rosa",
            "Sauce",
            "Soca",
            "Tala",
            "Toledo"
        ]
    },
    {
        "name": "Cerro Largo",
        "cities": [
            "Aceguá",
            "Isidoro Noblía",
            "Melo",
            "Río Branco",
            "Tupambaé"
        ]
    },
    {
        "name": "Colonia",
        "cities": [
            "Carmelo",
            "Colonia del Sacramento",
            "Florencio Sánchez",
            "Juan L. Lacaze",
            "Nueva Helvecia",
            "Nueva Palmira",
            "Ombúes de Lavalle",
            "Rosario",
            "Tarariras"
        ]
    },
    {
        "name": "Durazno",
        "cities": [
            "Blanquillo",
            "Carlos Reyles",
            "Durazno",
            "La Paloma",
            "Santa Bernardina",
            "Sarandí del Yi",
            "Villa del Carmen"
        ]
    },
    {
        "name": "Flores",
        "cities": [
            "Trinidad"
        ]
    },
    {
        "name": "Florida",
        "cities": [
            "25 de Agosto",
            "25 de Mayo",
            "Alejandro Gallinal",
            "Cardal",
            "Casupá",
            "Florida",
            "Sarandí Grande"
        ]
    },
    {
        "name": "Lavalleja",
        "cities": [
            "José Batlle y Ordóñez",
            "José Pedro Varela",
            "Mariscala",
            "Minas",
            "Solís de Mataojo"
        ]
    },
    {
        "name": "Maldonado",
        "cities": [
            "Aiguá",
            "Maldonado",
            "Pan de Azúcar",
            "Piriápolis",
            "Punta del Este",
            "San Carlos"
        ]
    },
    {
        "name": "Montevideo",
        "cities": [
            "Aires Puros",
            "Arroyo Seco",
            "Atahualpa",
            "Bañados de Carrasco",
            "Barra de Carrasco",
            "Barrio Sur",
            "Bella Italia",
            "Bella Vista",
            "Belvedere",
            "Buceo",
            "Capurro",
            "Carrasco",
            "Carrasco Norte",
            "Casabó",
            "Casavalle",
            "Centro",
            "Cerrito",
            "Cerro",
            "Ciudad Vieja",
            "Colón",
            "Conciliación",
            "Cordón",
            "Flor de Maroñas",
            "Goes",
            "Ituzaingó",
            "Jacinto Vera",
            "Jardines del Hipódromo",
            "La Blanqueada",
            "La Comercial",
            "La Figurita",
            "La Teja",
            "La Unión",
            "Larrañaga",
            "Las Acacias",
            "Lezica",
            "Malvín",
            "Malvín Norte",
            "Manga",
            "Marconi",
            "Maroñas",
            "Melilla",
            "Mercado Modelo",
            "Montevideo",
            "Nuevo París",
            "Pajas Blancas",
            "Palermo",
            "Parque Batlle",
            "Parque Rodó",
            "Paso de la Arena",
            "Paso Molino",
            "Peñarol",
            "Perez Castellanos",
            "Piedras Blancas",
            "Pocitos",
            "Prado",
            "Punta Carretas",
            "Punta de Rieles",
            "Punta Espinillo",
            "Punta Gorda",
            "Reducto",
            "Santiago Vázquez",
            "Sayago",
            "Tres Cruces",
            "Tres Ombues",
            "Villa Española",
            "Villa García",
            "Villa Muñoz"
        ]
    },
    {
        "name": "Paysandú",
        "cities": [
            "Estación Porvenir",
            "Guichón",
            "Paysandú",
            "Piedras Coloradas",
            "Quebracho",
            "San Félix"
        ]
    },
    {
        "name": "Río Negro",
        "cities": [
            "Fray Bentos",
            "Nuevo Berlín",
            "San Javier",
            "Young"
        ]
    },
    {
        "name": "Rivera",
        "cities": [
            "Minas de Corrales",
            "Rivera",
            "Tranqueras",
            "Vichadero"
        ]
    },
    {
        "name": "Rocha",
        "cities": [
            "Castillos",
            "Cebollatí",
            "Chui",
            "Dieciocho de Julio",
            "La Paloma",
            "Lascano",
            "Rocha",
            "Velázquez"
        ]
    },
    {
        "name": "Salto",
        "cities": [
            "Belén",
            "Salto",
            "Villa Constitución"
        ]
    },
    {
        "name": "San José",
        "cities": [
            "Delta del Tigre",
            "Ecilda Paullier",
            "Libertad",
            "Puntas de Valdéz",
            "Rafael Perazza",
            "Rodríguez",
            "San José de Mayo"
        ]
    },
    {
        "name": "Soriano",
        "cities": [
            "Cardona",
            "Dolores",
            "José Enrique Rodó",
            "Mercedes",
            "Palmitas",
            "Santa Catalina",
            "Villa Soriano"
        ]
    },
    {
        "name": "Tacuarembó",
        "cities": [
            "Curtina",
            "Paso de los Toros",
            "Tacuarembó"
        ]
    },
    {
        "name": "Treinta y Tres",
        "cities": [
            "Santa Clara de Olimar",
            "Treinta y Tres",
            "Vergara",
            "Villa Sara"
        ]
    }
]