[
    {
        "name": "Banjul",
        "cities": [
            "Bakau",
            "Banjul",
            "Kombo Saint Mary District",
            "Serekunda"
        ]
    },
    {
        "name": "Central River",
        "cities": [
            "Bansang",
            "Brikama Nding",
            "Dankunku",
            "Denton",
            "Fulladu West",
            "Galleh Manda",
            "Georgetown",
            "Jakhaly",
            "Janjanbureh",
            "Jarreng",
            "Karantaba",
            "Kass Wollof",
            "Kuntaur",
            "Kunting",
            "Lower Saloum",
            "Niamina East District",
            "Niamina West District",
            "Niani",
            "Nianija District",
            "Pateh Sam",
            "Sami",
            "Sami District",
            "Saruja",
            "Sukuta",
            "Upper Saloum",
            "Wassu"
        ]
    },
    {
        "name": "Lower River",
        "cities": [
            "Baro Kunda",
            "Bureng",
            "Jali",
            "Jarra Central",
            "Jarra East",
            "Jarra West",
            "Jenoi",
            "Jifarong",
            "Kaiaf",
            "Karantaba",
            "Keneba",
            "Kiang Central",
            "Kiang East",
            "Kiang West District",
            "Mansa Konko",
            "Nioro",
            "Sankwia",
            "Si Kunda",
            "Soma",
            "Sutukung",
            "Toniataba",
            "Wellingara Ba"
        ]
    },
    {
        "name": "North Bank",
        "cities": [
            "Bambali",
            "Barra",
            "Central Baddibu",
            "Chilla",
            "Daru Rilwan",
            "Essau",
            "Farafenni",
            "Gunjur",
            "Jokadu",
            "Katchang",
            "Kerewan",
            "Lamin",
            "Lower Baddibu District",
            "Lower Niumi District",
            "No Kunda",
            "Saba",
            "Sara Kunda",
            "Upper Baddibu",
            "Upper Niumi District"
        ]
    },
    {
        "name": "Upper River",
        "cities": [
            "Bakadagy",
            "Basse Santa Su",
            "Brifu",
            "Daba Kunda",
            "Demba Kunda",
            "Diabugu",
            "Diabugu Basilla",
            "Fulladu East",
            "Gunjur Kuta",
            "Kantora",
            "Koina",
            "Kumbija",
            "Nyamanari",
            "Perai",
            "Sabi",
            "Sandu",
            "Sudowol",
            "Sun Kunda",
            "Sutukoba",
            "Wuli"
        ]
    },
    {
        "name": "West Coast",
        "cities": [
            "Abuko",
            "Brikama",
            "Foni Bondali",
            "Foni Brefet",
            "Foni Jarrol",
            "Foni Kansala",
            "Gunjur",
            "Kombo Central District",
            "Kombo East District",
            "Kombo North District",
            "Kombo South District",
            "Somita",
            "Sukuta"
        ]
    }
]