[
    {
        "name": "Alajuela",
        "cities": [
            "Alajuela",
            "Atenas",
            "Bijagua",
            "Carrillos",
            "Desamparados",
            "Esquipulas",
            "Grecia",
            "Guatuso",
            "La Fortuna",
            "Los Chiles",
            "Naranjo",
            "Orotina",
            "Palmares",
            "Pital",
            "Poás",
            "Pocosol",
            "Quesada",
            "Río Segundo",
            "Sabanilla",
            "San Carlos",
            "San José",
            "San Juan",
            "San Mateo",
            "San Rafael",
            "San Ramón",
            "Santiago",
            "Upala",
            "Valverde Vega",
            "Zarcero"
        ]
    },
    {
        "name": "Cartago",
        "cities": [
            "Alvarado",
            "Cartago",
            "Concepción",
            "Cot",
            "El Guarco",
            "Jiménez",
            "La Suiza",
            "La Unión",
            "Oreamuno",
            "Orosí",
            "Pacayas",
            "Paraíso",
            "Pejibaye",
            "San Diego",
            "Tobosi",
            "Tres Ríos",
            "Tucurrique",
            "Turrialba"
        ]
    },
    {
        "name": "Guanacaste",
        "cities": [
            "Abangares",
            "Bagaces",
            "Belén",
            "Cañas",
            "Carrillo",
            "Fortuna",
            "Hojancha",
            "Juntas",
            "La Cruz",
            "Liberia",
            "Nandayure",
            "Nicoya",
            "Sámara",
            "Santa Cruz",
            "Sardinal",
            "Tilarán"
        ]
    },
    {
        "name": "Heredia",
        "cities": [
            "Ángeles",
            "Barva",
            "Belén",
            "Flores",
            "Heredia",
            "La Asunción",
            "Llorente",
            "Mercedes",
            "San Antonio",
            "San Francisco",
            "San Isidro",
            "San Josecito",
            "San Pablo",
            "San Rafael",
            "Santa Bárbara",
            "Santo Domingo",
            "Sarapiquí"
        ]
    },
    {
        "name": "Limón",
        "cities": [
            "Batán",
            "Guácimo",
            "Guápiles",
            "Limón",
            "Matina",
            "Pococí",
            "Pocora",
            "Roxana",
            "Siquirres",
            "Sixaola",
            "Talamanca"
        ]
    },
    {
        "name": "Puntarenas",
        "cities": [
            "Buenos Aires",
            "Canoas",
            "Chacarita",
            "Ciudad Cortés",
            "Corredor",
            "Corredores",
            "Coto Brus",
            "Esparza",
            "Garabito",
            "Golfito",
            "Jacó",
            "Miramar",
            "Montes de Oro",
            "Osa",
            "Paquera",
            "Parrita",
            "Puntarenas",
            "Quepos",
            "San Vito"
        ]
    },
    {
        "name": "San José",
        "cities": [
            "Acosta",
            "Alajuelita",
            "Aserrí",
            "Calle Blancos",
            "Colima",
            "Colón",
            "Curridabat",
            "Daniel Flores",
            "Desamparados",
            "Dota",
            "Escazú",
            "Goicoechea",
            "Granadilla",
            "Guadalupe",
            "Ipís",
            "León Cortés",
            "Mercedes",
            "Montes de Oca",
            "Mora",
            "Moravia",
            "Palmichal",
            "Patarrá",
            "Pérez Zeledón",
            "Puriscal",
            "Purral",
            "Sabanilla",
            "Salitral",
            "Salitrillos",
            "San Felipe",
            "San Ignacio",
            "San Isidro",
            "San José",
            "San Juan",
            "San Juan de Dios",
            "San Marcos",
            "San Miguel",
            "San Pedro",
            "San Rafael",
            "San Rafael Abajo",
            "San Rafael Arriba",
            "San Vicente",
            "San Vicente de Moravia",
            "Santa Ana",
            "Santiago",
            "Tarrazú",
            "Tejar",
            "Tibás",
            "Turrubares",
            "Vázquez de Coronado"
        ]
    }
]