[
    {
        "name": "Barlavento Islands"
    },
    {
        "name": "Boa Vista"
    },
    {
        "name": "Brava"
    },
    {
        "name": "Maio"
    },
    {
        "name": "Mosteiros"
    },
    {
        "name": "Paul"
    },
    {
        "name": "Porto Novo"
    },
    {
        "name": "Praia"
    },
    {
        "name": "Ribeira Brava"
    },
    {
        "name": "Ribeira Grande"
    },
    {
        "name": "Ribeira Grande de Santiago"
    },
    {
        "name": "Sal"
    },
    {
        "name": "Santa Catarina"
    },
    {
        "name": "Santa Catarina do Fogo"
    },
    {
        "name": "Santa Cruz"
    },
    {
        "name": "São Domingos"
    },
    {
        "name": "São Filipe"
    },
    {
        "name": "São Lourenço dos Órgãos"
    },
    {
        "name": "São Miguel"
    },
    {
        "name": "São Vicente"
    },
    {
        "name": "Sotavento Islands"
    },
    {
        "name": "Tarrafal"
    },
    {
        "name": "Tarrafal de São Nicolau"
    }
]