[
    {
        "name": "Aceh",
        "cities": [
            "Banda Aceh",
            "Bireun",
            "Kabupaten Aceh Barat",
            "Kabupaten Aceh Barat Daya",
            "Kabupaten Aceh Besar",
            "Kabupaten Aceh Jaya",
            "Kabupaten Aceh Selatan",
            "Kabupaten Aceh Singkil",
            "Kabupaten Aceh Tamiang",
            "Kabupaten Aceh Tengah",
            "Kabupaten Aceh Tenggara",
            "Kabupaten Aceh Timur",
            "Kabupaten Aceh Utara",
            "Kabupaten Bener Meriah",
            "Kabupaten Bireuen",
            "Kabupaten Gayo Lues",
            "Kabupaten Nagan Raya",
            "Kabupaten Pidie",
            "Kabupaten Simeulue",
            "Kota Banda Aceh",
            "Kota Langsa",
            "Kota Lhokseumawe",
            "Kota Sabang",
            "Kota Subulussalam",
            "Langsa",
            "Lhokseumawe",
            "Meulaboh",
            "Reuleuet",
            "Sabang",
            "Sigli",
            "Sinabang",
            "Singkil"
        ]
    },
    {
        "name": "Bali",
        "cities": [
            "Amlapura",
            "Amlapura city",
            "Banjar",
            "Banjar Wangsian",
            "Bedugul",
            "Denpasar",
            "Jimbaran",
            "Kabupaten Badung",
            "Kabupaten Bangli",
            "Kabupaten Buleleng",
            "Kabupaten Gianyar",
            "Kabupaten Jembrana",
            "Kabupaten Karang Asem",
            "Kabupaten Klungkung",
            "Kabupaten Tabanan",
            "Klungkung",
            "Kota Denpasar",
            "Kuta",
            "Legian",
            "Lovina",
            "Munduk",
            "Negara",
            "Nusa Dua",
            "Seririt",
            "Singaraja",
            "Tabanan",
            "Ubud"
        ]
    },
    {
        "name": "Banten",
        "cities": [
            "Curug",
            "Kabupaten Lebak",
            "Kabupaten Pandeglang",
            "Kabupaten Serang",
            "Kabupaten Tangerang",
            "Kota Cilegon",
            "Kota Serang",
            "Kota Tangerang",
            "Kota Tangerang Selatan",
            "Labuan",
            "Pandeglang",
            "Rangkasbitung",
            "Serang",
            "South Tangerang",
            "Tangerang"
        ]
    },
    {
        "name": "Bengkulu",
        "cities": [
            "Bengkulu",
            "Curup",
            "Kabupaten Bengkulu Selatan",
            "Kabupaten Bengkulu Tengah",
            "Kabupaten Bengkulu Utara",
            "Kabupaten Kaur",
            "Kabupaten Kepahiang",
            "Kabupaten Lebong",
            "Kabupaten Mukomuko",
            "Kabupaten Rejang Lebong",
            "Kabupaten Seluma",
            "Kota Bengkulu"
        ]
    },
    {
        "name": "DI Yogyakarta",
        "cities": [
            "Kabupaten Bantul",
            "Kabupaten Gunung Kidul",
            "Kabupaten Kulon Progo",
            "Kabupaten Sleman",
            "Kota Yogyakarta",
            "Yogyakarta"
        ]
    },
    {
        "name": "DKI Jakarta",
        "cities": [
            "Kota Administrasi Jakarta Barat",
            "Kota Administrasi Jakarta Pusat",
            "Kota Administrasi Jakarta Selatan",
            "Kota Administrasi Jakarta Timur",
            "Kota Administrasi Jakarta Utara"
        ]
    },
    {
        "name": "Gorontalo",
        "cities": [
            "Gorontalo",
            "Kabupaten Boalemo",
            "Kabupaten Bone Bolango",
            "Kabupaten Gorontalo",
            "Kabupaten Gorontalo Utara",
            "Kabupaten Pohuwato",
            "Kota Gorontalo"
        ]
    },
    {
        "name": "Jambi",
        "cities": [
            "Bejubang Dua",
            "Jambi City",
            "Kabupaten Batang Hari",
            "Kabupaten Bungo",
            "Kabupaten Kerinci",
            "Kabupaten Merangin",
            "Kabupaten Muaro Jambi",
            "Kabupaten Sarolangun",
            "Kabupaten Tanjung Jabung Barat",
            "Kabupaten Tanjung Jabung Timur",
            "Kabupaten Tebo",
            "Kota Jambi",
            "Kota Sungai Penuh",
            "Kuala Tungkal",
            "Mendaha",
            "Simpang",
            "Sungai Penuh"
        ]
    },
    {
        "name": "Jawa Barat",
        "cities": [
            "Arjawinangun",
            "Astanajapura",
            "Bandung",
            "Banjar",
            "Banjaran",
            "Bekasi",
            "Bogor",
            "Caringin",
            "Ciamis",
            "Ciampea",
            "Cibinong",
            "Cicurug",
            "Cikampek",
            "Cikarang",
            "Cikupa",
            "Cileungsir",
            "Cileunyi",
            "Cimahi",
            "Ciputat",
            "Ciranjang-hilir",
            "Cirebon",
            "Citeureup",
            "Depok",
            "Indramayu",
            "Jatibarang",
            "Jatiwangi",
            "Kabupaten Bandung",
            "Kabupaten Bandung Barat",
            "Kabupaten Bekasi",
            "Kabupaten Bogor",
            "Kabupaten Ciamis",
            "Kabupaten Cianjur",
            "Kabupaten Cirebon",
            "Kabupaten Garut",
            "Kabupaten Indramayu",
            "Kabupaten Karawang",
            "Kabupaten Kuningan",
            "Kabupaten Majalengka",
            "Kabupaten Pangandaran",
            "Kabupaten Purwakarta",
            "Kabupaten Subang",
            "Kabupaten Sukabumi",
            "Kabupaten Sumedang",
            "Kabupaten Tasikmalaya",
            "Karangampel",
            "Karangsembung",
            "Kawalu",
            "Klangenan",
            "Kota Bandung",
            "Kota Banjar",
            "Kota Bekasi",
            "Kota Bogor",
            "Kota Cimahi",
            "Kota Cirebon",
            "Kota Depok",
            "Kota Sukabumi",
            "Kota Tasikmalaya",
            "Kresek",
            "Kuningan",
            "Lembang",
            "Majalengka",
            "Margahayukencana",
            "Ngawi",
            "Padalarang",
            "Palimanan",
            "Pamanukan",
            "Pameungpeuk",
            "Pamulang",
            "Parung",
            "Pasarkemis",
            "Paseh",
            "Pelabuhanratu",
            "Plumbon",
            "Purwakarta",
            "Rajapolah",
            "Rengasdengklok",
            "Sawangan",
            "Sepatan",
            "Serpong",
            "Singaparna",
            "Soreang",
            "Sukabumi",
            "Sumber",
            "Sumedang",
            "Sumedang Utara",
            "Tasikmalaya",
            "Teluknaga",
            "Wanaraja",
            "Weru"
        ]
    },
    {
        "name": "Jawa Tengah",
        "cities": [
            "Adiwerna",
            "Ambarawa",
            "Baekrajan",
            "Baki",
            "Balapulang",
            "Banyumas",
            "Batang",
            "Baturaden",
            "Blora",
            "Boyolali",
            "Buaran",
            "Bulakamba",
            "Candi Prambanan",
            "Ceper",
            "Cepu",
            "Colomadu",
            "Comal",
            "Delanggu",
            "Demak",
            "Dukuhturi",
            "Gatak",
            "Gebog",
            "Gombong",
            "Grogol",
            "Gunung Kendil",
            "Jaten",
            "Jatiroto",
            "Jekulo",
            "Jogonalan",
            "Juwana",
            "Kabupaten Banjarnegara",
            "Kabupaten Banyumas",
            "Kabupaten Batang",
            "Kabupaten Blora",
            "Kabupaten Boyolali",
            "Kabupaten Brebes",
            "Kabupaten Cilacap",
            "Kabupaten Demak",
            "Kabupaten Grobogan",
            "Kabupaten Jepara",
            "Kabupaten Karanganyar",
            "Kabupaten Kebumen",
            "Kabupaten Kendal",
            "Kabupaten Klaten",
            "Kabupaten Kudus",
            "Kabupaten Magelang",
            "Kabupaten Pati",
            "Kabupaten Pekalongan",
            "Kabupaten Pemalang",
            "Kabupaten Purbalingga",
            "Kabupaten Purworejo",
            "Kabupaten Rembang",
            "Kabupaten Semarang",
            "Kabupaten Sragen",
            "Kabupaten Sukoharjo",
            "Kabupaten Tegal",
            "Kabupaten Temanggung",
            "Kabupaten Wonogiri",
            "Kabupaten Wonosobo",
            "Karanganom",
            "Kartasura",
            "Kebonarun",
            "Kedungwuni",
            "Ketanggungan",
            "Klaten",
            "Kota Magelang",
            "Kota Pekalongan",
            "Kota Salatiga",
            "Kota Semarang",
            "Kota Surakarta",
            "Kota Tegal",
            "Kroya",
            "Kudus",
            "Kutoarjo",
            "Lasem",
            "Lebaksiu",
            "Magelang",
            "Majenang",
            "Margasari",
            "Mertoyudan",
            "Mlonggo",
            "Mranggen",
            "Muntilan",
            "Ngemplak",
            "Pati",
            "Pecangaan",
            "Pekalongan",
            "Pemalang",
            "Purbalingga",
            "Purwodadi",
            "Purwokerto",
            "Randudongkal",
            "Rembangan",
            "Salatiga",
            "Selogiri",
            "Semarang",
            "Sidareja",
            "Slawi",
            "Sokaraja",
            "Sragen",
            "Surakarta",
            "Tarub",
            "Tayu",
            "Tegal",
            "Trucuk",
            "Ungaran",
            "Wangon",
            "Wedi",
            "Welahan",
            "Weleri",
            "Wiradesa",
            "Wonopringgo",
            "Wonosobo"
        ]
    },
    {
        "name": "Jawa Timur",
        "cities": [
            "Babat",
            "Balung",
            "Bangil",
            "Bangkalan",
            "Banyuwangi",
            "Batu",
            "Besuki",
            "Blitar",
            "Bojonegoro",
            "Bondowoso",
            "Boyolangu",
            "Buduran",
            "Dampit",
            "Diwek",
            "Driyorejo",
            "Gambiran Satu",
            "Gampengrejo",
            "Gedangan",
            "Genteng",
            "Gongdanglegi Kulon",
            "Gresik",
            "Gresik Regency",
            "Jember",
            "Jombang",
            "Kabupaten Bangkalan",
            "Kabupaten Banyuwangi",
            "Kabupaten Blitar",
            "Kabupaten Bojonegoro",
            "Kabupaten Bondowoso",
            "Kabupaten Jember",
            "Kabupaten Jombang",
            "Kabupaten Kediri",
            "Kabupaten Lamongan",
            "Kabupaten Lumajang",
            "Kabupaten Madiun",
            "Kabupaten Magetan",
            "Kabupaten Malang",
            "Kabupaten Mojokerto",
            "Kabupaten Nganjuk",
            "Kabupaten Ngawi",
            "Kabupaten Pacitan",
            "Kabupaten Pamekasan",
            "Kabupaten Pasuruan",
            "Kabupaten Ponorogo",
            "Kabupaten Probolinggo",
            "Kabupaten Sampang",
            "Kabupaten Sidoarjo",
            "Kabupaten Situbondo",
            "Kabupaten Sumenep",
            "Kabupaten Trenggalek",
            "Kabupaten Tuban",
            "Kabupaten Tulungagung",
            "Kalianget",
            "Kamal",
            "Kebomas",
            "Kediri",
            "Kedungwaru",
            "Kencong",
            "Kepanjen",
            "Kertosono",
            "Kota Batu",
            "Kota Blitar",
            "Kota Kediri",
            "Kota Madiun",
            "Kota Malang",
            "Kota Mojokerto",
            "Kota Pasuruan",
            "Kota Probolinggo",
            "Kota Surabaya",
            "Kraksaan",
            "Krian",
            "Lamongan",
            "Lawang",
            "Lumajang",
            "Madiun",
            "Malang",
            "Mojoagung",
            "Mojokerto",
            "Muncar",
            "Nganjuk",
            "Ngoro",
            "Ngunut",
            "Paciran",
            "Pakisaji",
            "Pamekasan",
            "Panarukan",
            "Pandaan",
            "Panji",
            "Pare",
            "Pasuruan",
            "Ponorogo",
            "Prigen",
            "Probolinggo",
            "Sampang",
            "Sidoarjo",
            "Singojuruh",
            "Singosari",
            "Situbondo",
            "Soko",
            "Srono",
            "Sumberpucung",
            "Sumenep",
            "Surabaya",
            "Tanggul",
            "Tanggulangin",
            "Trenggalek",
            "Tuban",
            "Tulangan Utara",
            "Tulungagung",
            "Wongsorejo"
        ]
    },
    {
        "name": "Kalimantan Barat",
        "cities": [
            "Bengkayang",
            "Kapuas Hulu",
            "Kayong Utara",
            "Ketapang",
            "Kubu Raya",
            "Landak",
            "Manismata",
            "Melawi",
            "Mempawah",
            "Pemangkat",
            "Pontianak",
            "Sambas",
            "Sanggau",
            "Sekadau",
            "Singkawang",
            "Sintang"
        ]
    },
    {
        "name": "Kalimantan Selatan",
        "cities": [
            "Amuntai",
            "Banjarmasin",
            "Barabai",
            "Kabupaten Balangan",
            "Kabupaten Banjar",
            "Kabupaten Barito Kuala",
            "Kabupaten Hulu Sungai Selatan",
            "Kabupaten Hulu Sungai Tengah",
            "Kabupaten Hulu Sungai Utara",
            "Kabupaten Kota Baru",
            "Kabupaten Tabalong",
            "Kabupaten Tanah Bumbu",
            "Kabupaten Tanah Laut",
            "Kabupaten Tapin",
            "Kota Banjar Baru",
            "Kota Banjarmasin",
            "Martapura"
        ]
    },
    {
        "name": "Kalimantan Tengah",
        "cities": [
            "Kabupaten Barito Selatan",
            "Kabupaten Barito Timur",
            "Kabupaten Barito Utara",
            "Kabupaten Gunung Mas",
            "Kabupaten Kapuas",
            "Kabupaten Katingan",
            "Kabupaten Kotawaringin Barat",
            "Kabupaten Kotawaringin Timur",
            "Kabupaten Lamandau",
            "Kabupaten Murung Raya",
            "Kabupaten Pulang Pisau",
            "Kabupaten Seruyan",
            "Kabupaten Sukamara",
            "Kota Palangka Raya",
            "Kualakapuas",
            "Palangkaraya",
            "Pangkalanbuun",
            "Sampit"
        ]
    },
    {
        "name": "Kalimantan Timur",
        "cities": [
            "Balikpapan",
            "Bontang",
            "City of Balikpapan",
            "Kabupaten Berau",
            "Kabupaten Kutai Barat",
            "Kabupaten Kutai Kartanegara",
            "Kabupaten Kutai Timur",
            "Kabupaten Mahakam Hulu",
            "Kabupaten Paser",
            "Kabupaten Penajam Paser Utara",
            "Kota Balikpapan",
            "Kota Bontang",
            "Kota Samarinda",
            "Loa Janan",
            "Samarinda"
        ]
    },
    {
        "name": "Kalimantan Utara",
        "cities": [
            "Kabupaten Bulungan",
            "Kabupaten Malinau",
            "Kabupaten Nunukan",
            "Kabupaten Tana Tidung",
            "Tanjung Selor",
            "Tarakan"
        ]
    },
    {
        "name": "Kepulauan Bangka Belitung",
        "cities": [
            "Kabupaten Bangka",
            "Kabupaten Bangka Barat",
            "Kabupaten Bangka Selatan",
            "Kabupaten Bangka Tengah",
            "Kabupaten Belitung",
            "Kabupaten Belitung Timur",
            "Kota Pangkal Pinang",
            "Manggar",
            "Muntok",
            "Pangkalpinang",
            "Sungailiat",
            "Tanjung Pandan"
        ]
    },
    {
        "name": "Kepulauan Riau",
        "cities": [
            "Kabupaten Bintan",
            "Kabupaten Karimun",
            "Kabupaten Kepulauan Anambas",
            "Kabupaten Lingga",
            "Kabupaten Natuna",
            "Kijang",
            "Kota Batam",
            "Kota Tanjung Pinang",
            "Tanjung Pinang"
        ]
    },
    {
        "name": "Lampung",
        "cities": [
            "Bandar Lampung",
            "Kabupaten Lampung Barat",
            "Kabupaten Lampung Selatan",
            "Kabupaten Lampung Tengah",
            "Kabupaten Lampung Timur",
            "Kabupaten Lampung Utara",
            "Kabupaten Mesuji",
            "Kabupaten Pesawaran",
            "Kabupaten Pesisir Barat",
            "Kabupaten Pringsewu",
            "Kabupaten Tanggamus",
            "Kabupaten Tulangbawang",
            "Kabupaten Way Kanan",
            "Kota Bandar Lampung",
            "Kota Metro",
            "Kotabumi",
            "Metro",
            "Terbanggi Besar"
        ]
    },
    {
        "name": "Maluku",
        "cities": [
            "Amahai",
            "Ambon",
            "Kabupaten Buru",
            "Kabupaten Buru Selatan",
            "Kabupaten Kepulauan Aru",
            "Kabupaten Maluku Barat Daya",
            "Kabupaten Maluku Tengah",
            "Kabupaten Maluku Tenggara",
            "Kabupaten Maluku Tenggara Barat",
            "Kabupaten Seram Bagian Barat",
            "Kabupaten Seram Bagian Timur",
            "Kota Ambon",
            "Kota Tual",
            "Tual"
        ]
    },
    {
        "name": "Maluku Utara",
        "cities": [
            "East Halmahera Regency",
            "Kabupaten Halmahera Barat",
            "Kabupaten Halmahera Selatan",
            "Kabupaten Halmahera Tengah",
            "Kabupaten Halmahera Utara",
            "Kabupaten Kepulauan Sula",
            "Kabupaten Pulau Morotai",
            "Kabupaten Pulau Taliabu",
            "Kota Ternate",
            "Kota Tidore Kepulauan",
            "Sofifi",
            "Ternate",
            "Tobelo"
        ]
    },
    {
        "name": "Nusa Tenggara Barat",
        "cities": [
            "Bima",
            "Dompu",
            "Gili Air",
            "Kabupaten Bima",
            "Kabupaten Dompu",
            "Kabupaten Lombok Barat",
            "Kabupaten Lombok Tengah",
            "Kabupaten Lombok Timur",
            "Kabupaten Lombok Utara",
            "Kabupaten Sumbawa",
            "Kabupaten Sumbawa Barat",
            "Kota Bima",
            "Kota Mataram",
            "Labuan Lombok",
            "Lembar",
            "Mataram",
            "Pemenang",
            "Pototano",
            "Praya",
            "Senggigi",
            "Sumbawa Besar"
        ]
    },
    {
        "name": "Nusa Tenggara Timur",
        "cities": [
            "Atambua",
            "Ende",
            "Kabupaten Alor",
            "Kabupaten Belu",
            "Kabupaten Ende",
            "Kabupaten Flores Timur",
            "Kabupaten Kupang",
            "Kabupaten Lembata",
            "Kabupaten Malaka",
            "Kabupaten Manggarai",
            "Kabupaten Manggarai Barat",
            "Kabupaten Manggarai Timur",
            "Kabupaten Nagekeo",
            "Kabupaten Ngada",
            "Kabupaten Rote Ndao",
            "Kabupaten Sabu Raijua",
            "Kabupaten Sikka",
            "Kabupaten Sumba Barat",
            "Kabupaten Sumba Barat Daya",
            "Kabupaten Sumba Tengah",
            "Kabupaten Sumba Timur",
            "Kabupaten Timor Tengah Selatan",
            "Kabupaten Timor Tengah Utara",
            "Kefamenanu",
            "Komodo",
            "Kota Kupang",
            "Kupang",
            "Labuan Bajo",
            "Maumere",
            "Naisano Dua",
            "Ruteng",
            "Soe",
            "Waingapu"
        ]
    },
    {
        "name": "Papua",
        "cities": [
            "Abepura",
            "Biak",
            "Insrom",
            "Jayapura",
            "Kabupaten Asmat",
            "Kabupaten Biak Numfor",
            "Kabupaten Boven Digoel",
            "Kabupaten Deiyai",
            "Kabupaten Dogiyai",
            "Kabupaten Intan Jaya",
            "Kabupaten Jayapura",
            "Kabupaten Jayawijaya",
            "Kabupaten Keerom",
            "Kabupaten Kepulauan Yapen",
            "Kabupaten Lanny Jaya",
            "Kabupaten Mamberamo Raya",
            "Kabupaten Mamberamo Tengah",
            "Kabupaten Mappi",
            "Kabupaten Merauke",
            "Kabupaten Mimika",
            "Kabupaten Nabire",
            "Kabupaten Nduga",
            "Kabupaten Paniai",
            "Kabupaten Pegunungan Bintang",
            "Kabupaten Puncak Jaya",
            "Kabupaten Sarmi",
            "Kabupaten Supiori",
            "Kabupaten Tolikara",
            "Kabupaten Waropen",
            "Kabupaten Yahukimo",
            "Kabupaten Yalimo",
            "Kota Jayapura",
            "Nabire"
        ]
    },
    {
        "name": "Papua Barat",
        "cities": [
            "Kabupaten Fakfak",
            "Kabupaten Kaimana",
            "Kabupaten Manokwari",
            "Kabupaten Manokwari Selatan",
            "Kabupaten Maybrat",
            "Kabupaten Raja Ampat",
            "Kabupaten Sorong",
            "Kabupaten Sorong Selatan",
            "Kabupaten Tambrauw",
            "Kabupaten Teluk Bintuni",
            "Kabupaten Teluk Wondama",
            "Kota Sorong",
            "Manokwari",
            "Sorong"
        ]
    },
    {
        "name": "Riau",
        "cities": [
            "Balaipungut",
            "Batam",
            "Dumai",
            "Kabupaten Bengkalis",
            "Kabupaten Indragiri Hilir",
            "Kabupaten Indragiri Hulu",
            "Kabupaten Kampar",
            "Kabupaten Kepulauan Meranti",
            "Kabupaten Kuantan Singingi",
            "Kabupaten Pelalawan",
            "Kabupaten Rokan Hilir",
            "Kabupaten Rokan Hulu",
            "Kabupaten Siak",
            "Kota Dumai",
            "Kota Pekanbaru",
            "Pekanbaru"
        ]
    },
    {
        "name": "Sulawesi Barat",
        "cities": [
            "Kabupaten Majene",
            "Kabupaten Mamasa",
            "Kabupaten Mamuju",
            "Kabupaten Mamuju Tengah",
            "Kabupaten Mamuju Utara",
            "Kabupaten Polewali Mandar",
            "Majene",
            "Mamuju",
            "Polewali"
        ]
    },
    {
        "name": "Sulawesi Selatan",
        "cities": [
            "Galesong",
            "Kabupaten Bantaeng",
            "Kabupaten Barru",
            "Kabupaten Bone",
            "Kabupaten Bulukumba",
            "Kabupaten Enrekang",
            "Kabupaten Gowa",
            "Kabupaten Jeneponto",
            "Kabupaten Luwu",
            "Kabupaten Luwu Timur",
            "Kabupaten Luwu Utara",
            "Kabupaten Maros",
            "Kabupaten Pangkajene Dan Kepulauan",
            "Kabupaten Pinrang",
            "Kabupaten Sidenreng Rappang",
            "Kabupaten Sinjai",
            "Kabupaten Soppeng",
            "Kabupaten Takalar",
            "Kabupaten Tana Toraja",
            "Kabupaten Toraja Utara",
            "Kabupaten Wajo",
            "Kota Makassar",
            "Kota Palopo",
            "Kota Parepare",
            "Makassar",
            "Maros",
            "Palopo",
            "Parepare",
            "Rantepao",
            "Selayar Islands Regency",
            "Sengkang",
            "Sinjai",
            "Watampone"
        ]
    },
    {
        "name": "Sulawesi Tengah",
        "cities": [
            "Kabupaten Banggai",
            "Kabupaten Banggai Kepulauan",
            "Kabupaten Banggai Laut",
            "Kabupaten Buol",
            "Kabupaten Donggala",
            "Kabupaten Morowali Utara",
            "Kabupaten Parigi Moutong",
            "Kabupaten Poso",
            "Kabupaten Sigi",
            "Kabupaten Toli-Toli",
            "Kota Palu",
            "Luwuk",
            "Morowali Regency",
            "Palu",
            "Poso",
            "Tojo Una-Una Regency"
        ]
    },
    {
        "name": "Sulawesi Tenggara",
        "cities": [
            "Kabupaten Bombana",
            "Kabupaten Buton",
            "Kabupaten Buton Selatan",
            "Kabupaten Buton Tengah",
            "Kabupaten Buton Utara",
            "Kabupaten Kolaka",
            "Kabupaten Kolaka Timur",
            "Kabupaten Kolaka Utara",
            "Kabupaten Konawe",
            "Kabupaten Konawe Kepulauan",
            "Kabupaten Konawe Selatan",
            "Kabupaten Konawe Utara",
            "Kabupaten Muna",
            "Kabupaten Muna Barat",
            "Katabu",
            "Kendari",
            "Kota Baubau",
            "Kota Kendari",
            "Wakatobi Regency"
        ]
    },
    {
        "name": "Sulawesi Utara",
        "cities": [
            "Kabupaten Bolaang Mongondow",
            "Kabupaten Bolaang Mongondow Selatan",
            "Kabupaten Bolaang Mongondow Timur",
            "Kabupaten Bolaang Mongondow Utara",
            "Kabupaten Kepulauan Sangihe",
            "Kabupaten Kepulauan Talaud",
            "Kabupaten Minahasa",
            "Kabupaten Minahasa Selatan",
            "Kabupaten Minahasa Tenggara",
            "Kabupaten Minahasa Utara",
            "Kabupaten Siau Tagulandang Biaro",
            "Kota Bitung",
            "Kota Kotamobagu",
            "Kota Manado",
            "Kota Tomohon",
            "Laikit Laikit II (Dimembe)",
            "Manado",
            "Tomohon",
            "Tondano"
        ]
    },
    {
        "name": "Sumatera Barat",
        "cities": [
            "Bukittinggi",
            "Kabupaten Agam",
            "Kabupaten Dharmasraya",
            "Kabupaten Kepulauan Mentawai",
            "Kabupaten Lima Puluh Kota",
            "Kabupaten Padang Pariaman",
            "Kabupaten Pasaman",
            "Kabupaten Pasaman Barat",
            "Kabupaten Pesisir Selatan",
            "Kabupaten Sijunjung",
            "Kabupaten Solok",
            "Kabupaten Solok Selatan",
            "Kabupaten Tanah Datar",
            "Kota Bukittinggi",
            "Kota Padang",
            "Kota Padang Panjang",
            "Kota Pariaman",
            "Kota Payakumbuh",
            "Kota Sawah Lunto",
            "Kota Solok",
            "Padang",
            "Pariaman",
            "Payakumbuh",
            "Sijunjung",
            "Solok"
        ]
    },
    {
        "name": "Sumatera Selatan",
        "cities": [
            "Baturaja",
            "Kabupaten Empat Lawang",
            "Kabupaten Muara Enim",
            "Kabupaten Musi Banyuasin",
            "Kabupaten Musi Rawas",
            "Kabupaten Musi Rawas Utara",
            "Kabupaten Ogan Ilir",
            "Kabupaten Ogan Komering Ilir",
            "Kabupaten Ogan Komering Ulu",
            "Kabupaten Ogan Komering Ulu Selatan",
            "Kabupaten Ogan Komering Ulu Timur",
            "Kabupaten Penukal Abab Lematang Ilir",
            "Kota Lubuklinggau",
            "Kota Pagar Alam",
            "Kota Palembang",
            "Kota Prabumulih",
            "Lahat",
            "Lahat Regency",
            "Lubuklinggau",
            "Pagar Alam",
            "Palembang",
            "Prabumulih",
            "Tanjungagung"
        ]
    },
    {
        "name": "Sumatera Utara",
        "cities": [
            "Ambarita",
            "Bandar",
            "Belawan",
            "Berastagi",
            "Binjai",
            "Deli Tua",
            "Gunungsitoli",
            "Kabanjahe",
            "Kabupaten Asahan",
            "Kabupaten Batu Bara",
            "Kabupaten Dairi",
            "Kabupaten Deli Serdang",
            "Kabupaten Humbang Hasundutan",
            "Kabupaten Karo",
            "Kabupaten Labuhan Batu",
            "Kabupaten Labuhan Batu Selatan",
            "Kabupaten Labuhan Batu Utara",
            "Kabupaten Langkat",
            "Kabupaten Mandailing Natal",
            "Kabupaten Nias",
            "Kabupaten Nias Barat",
            "Kabupaten Nias Utara",
            "Kabupaten Padang Lawas",
            "Kabupaten Padang Lawas Utara",
            "Kabupaten Pakpak Bharat",
            "Kabupaten Samosir",
            "Kabupaten Serdang Bedagai",
            "Kabupaten Simalungun",
            "Kabupaten Tapanuli Selatan",
            "Kabupaten Tapanuli Tengah",
            "Kabupaten Tapanuli Utara",
            "Kisaran",
            "Kota Binjai",
            "Kota Gunungsitoli",
            "Kota Medan",
            "Kota Padangsidimpuan",
            "Kota Pematang Siantar",
            "Kota Sibolga",
            "Kota Tanjung Balai",
            "Kota Tebing Tinggi",
            "Labuhan Deli",
            "Medan",
            "Padangsidempuan",
            "Pangkalan Brandan",
            "Parapat",
            "Pekan Bahapal",
            "Pematangsiantar",
            "Perbaungan",
            "Percut",
            "Rantauprapat",
            "Sibolga",
            "Stabat",
            "Sunggal",
            "Tanjungbalai",
            "Tanjungtiram",
            "Tebingtinggi",
            "Teluk Nibung",
            "Tomok Bolon",
            "Tongging",
            "Tuktuk Sonak"
        ]
    }
]