[
    {
        "name": "Abra"
    },
    {
        "name": "Agusan del Norte"
    },
    {
        "name": "Agusan del Sur"
    },
    {
        "name": "Aklan"
    },
    {
        "name": "Albay"
    },
    {
        "name": "Antique"
    },
    {
        "name": "Apayao"
    },
    {
        "name": "Aurora"
    },
    {
        "name": "Autonomous Region in Muslim Mindanao"
    },
    {
        "name": "Basilan"
    },
    {
        "name": "Bataan"
    },
    {
        "name": "Batanes"
    },
    {
        "name": "Batangas"
    },
    {
        "name": "Benguet"
    },
    {
        "name": "Bicol"
    },
    {
        "name": "Biliran"
    },
    {
        "name": "Bohol"
    },
    {
        "name": "Bukidnon"
    },
    {
        "name": "Bulacan"
    },
    {
        "name": "Cagayan"
    },
    {
        "name": "Cagayan Valley"
    },
    {
        "name": "Calabarzon"
    },
    {
        "name": "Camarines Norte"
    },
    {
        "name": "Camarines Sur"
    },
    {
        "name": "Camiguin"
    },
    {
        "name": "Capiz"
    },
    {
        "name": "Caraga"
    },
    {
        "name": "Catanduanes"
    },
    {
        "name": "Cavite"
    },
    {
        "name": "Cebu"
    },
    {
        "name": "Central Luzon"
    },
    {
        "name": "Central Visayas"
    },
    {
        "name": "Compostela Valley"
    },
    {
        "name": "Cordillera Administrative"
    },
    {
        "name": "Cotabato"
    },
    {
        "name": "Davao"
    },
    {
        "name": "Davao del Norte"
    },
    {
        "name": "Davao del Sur"
    },
    {
        "name": "Davao Occidental"
    },
    {
        "name": "Davao Oriental"
    },
    {
        "name": "Dinagat Islands"
    },
    {
        "name": "Eastern Samar"
    },
    {
        "name": "Eastern Visayas"
    },
    {
        "name": "Guimaras"
    },
    {
        "name": "Ifugao"
    },
    {
        "name": "Ilocos"
    },
    {
        "name": "Ilocos Norte"
    },
    {
        "name": "Ilocos Sur"
    },
    {
        "name": "Iloilo"
    },
    {
        "name": "Isabela"
    },
    {
        "name": "Kalinga"
    },
    {
        "name": "La Union"
    },
    {
        "name": "Laguna"
    },
    {
        "name": "Lanao del Norte"
    },
    {
        "name": "Lanao del Sur"
    },
    {
        "name": "Leyte"
    },
    {
        "name": "Maguindanao"
    },
    {
        "name": "Marinduque"
    },
    {
        "name": "Masbate"
    },
    {
        "name": "Metro Manila"
    },
    {
        "name": "Metro Manila(National Capital Region)"
    },
    {
        "name": "Mimaropa"
    },
    {
        "name": "Misamis Occidental"
    },
    {
        "name": "Misamis Oriental"
    },
    {
        "name": "Mountain Province"
    },
    {
        "name": "Negros Occidental"
    },
    {
        "name": "Negros Oriental"
    },
    {
        "name": "Northern Mindanao"
    },
    {
        "name": "Northern Samar"
    },
    {
        "name": "Nueva Ecija"
    },
    {
        "name": "Nueva Vizcaya"
    },
    {
        "name": "Occidental Mindoro"
    },
    {
        "name": "Oriental Mindoro"
    },
    {
        "name": "Palawan"
    },
    {
        "name": "Pampanga"
    },
    {
        "name": "Pangasinan"
    },
    {
        "name": "Quezon"
    },
    {
        "name": "Quirino"
    },
    {
        "name": "Rizal"
    },
    {
        "name": "Romblon"
    },
    {
        "name": "Sarangani"
    },
    {
        "name": "Siquijor"
    },
    {
        "name": "Soccsksargen"
    },
    {
        "name": "Sorsogon"
    },
    {
        "name": "South Cotabato"
    },
    {
        "name": "Southern Leyte"
    },
    {
        "name": "Sultan Kudarat"
    },
    {
        "name": "Sulu"
    },
    {
        "name": "Surigao del Norte"
    },
    {
        "name": "Surigao del Sur"
    },
    {
        "name": "Tarlac"
    },
    {
        "name": "Tawi-Tawi"
    },
    {
        "name": "Western Samar"
    },
    {
        "name": "Western Visayas"
    },
    {
        "name": "Zambales"
    },
    {
        "name": "Zamboanga del Norte"
    },
    {
        "name": "Zamboanga del Sur"
    },
    {
        "name": "Zamboanga Peninsula"
    },
    {
        "name": "Zamboanga Sibugay"
    }
]