[
    {
        "name": "Açores",
        "cities": [
            "Água de Pau",
            "Angra do Heroísmo",
            "Angústias",
            "Arrifes",
            "Biscoitos",
            "Cabouco",
            "Cais do Pico",
            "Calheta",
            "Calheta de São Jorge",
            "Castelo Branco",
            "Corvo",
            "Fajã de Baixo",
            "Fenais da Ajuda",
            "Fenais da Luz",
            "Feteira",
            "Fonte Bastardo",
            "Furnas",
            "Horta",
            "Lagoa",
            "Lajes",
            "Lajes das Flores",
            "Lajes do Pico",
            "Madalena",
            "Maia",
            "Mosteiros",
            "Nordeste",
            "Ponta Delgada",
            "Ponta Garça",
            "Porto Judeu",
            "Porto Martins",
            "Povoação",
            "Praia da Vitória",
            "Rabo de Peixe",
            "Relva",
            "Ribeira Grande",
            "Ribeira Seca",
            "Ribeirinha",
            "Rosto de Cão",
            "Santa Bárbara",
            "Santa Cruz da Graciosa",
            "Santa Cruz das Flores",
            "São Bartolomeu",
            "São Mateus",
            "São Roque",
            "São Roque do Pico",
            "São Sebastião",
            "São Vicente",
            "Senhora do Rosário",
            "Velas",
            "Vila do Porto",
            "Vila Franca do Campo"
        ]
    },
    {
        "name": "Aveiro",
        "cities": [
            "Aguada de Cima",
            "Águeda",
            "Albergaria-a-Velha",
            "Anadia",
            "Aradas",
            "Arcos",
            "Argoncilhe",
            "Arouca",
            "Arrifana",
            "Avanca",
            "Aveiro",
            "Beduido",
            "Branca",
            "Castelo de Paiva",
            "Cortegaça",
            "Cucujães",
            "Eixo",
            "Esgueira",
            "Esmoriz",
            "Espargo",
            "Espinho",
            "Estarreja",
            "Feira",
            "Fiães",
            "Gafanha da Encarnação",
            "Gafanha da Nazaré",
            "Ílhavo",
            "Lamas",
            "Lobão",
            "Lourosa",
            "Luso",
            "Macieira de Cambra",
            "Mealhada",
            "Milheirós de Poiares",
            "Mosteirô",
            "Murtosa",
            "Nogueira da Regedoura",
            "Oiã",
            "Oliveira de Azemeis",
            "Oliveira do Bairro",
            "Oliveirinha",
            "Ovar",
            "Paços de Brandão",
            "Pampilhosa do Botão",
            "Pardilhó",
            "Rio Meão",
            "Salreu",
            "Sanfins",
            "Sangalhos",
            "Santa Maria da Feira",
            "São João",
            "São João da Madeira",
            "São João de Ver",
            "São Roque",
            "Sever do Vouga",
            "Silvalde",
            "Souto",
            "Vagos",
            "Vale de Cambra",
            "Válega",
            "Valongo",
            "Vila Chã"
        ]
    },
    {
        "name": "Beja",
        "cities": [
            "Aldeia Nova de São Bento",
            "Aljustrel",
            "Almodôvar",
            "Almograve",
            "Alvito",
            "Barrancos",
            "Beja",
            "Beringel",
            "Boavista dos Pinheiros",
            "Cabeça Gorda",
            "Castro Verde",
            "Cuba",
            "Ferreira do Alentejo",
            "Mértola",
            "Minas de São Domingos",
            "Moura",
            "Neves",
            "Odemira",
            "Ourique",
            "Penedo Gordo",
            "Salvada",
            "São Luis",
            "São Teotónio",
            "Serpa",
            "Vidigueira",
            "Vila Nova de Milfontes",
            "Zambujeira do Mar"
        ]
    },
    {
        "name": "Braga",
        "cities": [
            "Adaúfe",
            "Amares",
            "Apúlia",
            "Apúlia e Fão",
            "Arcos",
            "Arões",
            "Aveleda",
            "Barcelos",
            "Barqueiros",
            "Braga",
            "Brito",
            "Cabeceiras de Basto",
            "Caldas das Taipas",
            "Caldas de Vizela",
            "Caldelas",
            "Calendário",
            "Candoso",
            "Celorico de Basto",
            "Chavão",
            "Cristelo",
            "Esporões",
            "Esposende",
            "Fafe",
            "Faria",
            "Ferreiros",
            "Fradelos",
            "Frossos",
            "Galegos",
            "Gandra",
            "Gondizalves",
            "Gueral",
            "Guimarães",
            "Guisande",
            "Joane",
            "Lago",
            "Lordelo",
            "Macieira de Rates",
            "Marinhas",
            "Mariz",
            "Merelim",
            "Moreira de Conegos",
            "Negreiros",
            "Oliveira",
            "Perelhal",
            "Ponte",
            "Póvoa de Lanhoso",
            "Prado",
            "Real",
            "Refojos de Basto",
            "Rendufe",
            "Riba de Ave",
            "Ribeirão",
            "Ronfe",
            "Sande",
            "Selho",
            "Semelhe",
            "Serzedelo",
            "Serzedo",
            "Tebosa",
            "Terras de Bouro",
            "Urgeses",
            "Várzea",
            "Vieira do Minho",
            "Vila Cova",
            "Vila Frescainha",
            "Vila Nova de Famalicão",
            "Vila Seca",
            "Vila Verde",
            "Vilaça",
            "Vilar de Figos",
            "Vizela"
        ]
    },
    {
        "name": "Bragança",
        "cities": [
            "Alfândega da Fé",
            "Belver",
            "Bragança Municipality",
            "Carrazeda de Anciães",
            "Carrazeda de Ansiães",
            "Freixo de Espada à Cinta",
            "Macedo de Cavaleiros",
            "Miranda do Douro",
            "Mirandela",
            "Mogadouro",
            "Samil",
            "Sendim",
            "Torre de Moncorvo",
            "Vila Flor",
            "Vimioso",
            "Vinhais"
        ]
    },
    {
        "name": "Castelo Branco",
        "cities": [
            "Aldeia de Joanes",
            "Belmonte",
            "Castelo Branco",
            "Covilhã",
            "Fundão",
            "Idanha-A-Nova",
            "Oleiros",
            "Penamacor",
            "Proença-a-Nova",
            "Sertã",
            "Teixoso",
            "Vila de Rei",
            "Vila Velha de Ródão"
        ]
    },
    {
        "name": "Coimbra",
        "cities": [
            "Alfarelos",
            "Alhadas",
            "Ançã",
            "Arazede",
            "Arganil",
            "Assafarge",
            "Buarcos",
            "Cantanhede",
            "Carapinheira",
            "Coimbra",
            "Condeixa-a-Nova",
            "Figueira da Foz",
            "Góis",
            "Lavos",
            "Lorvão",
            "Lousã",
            "Mira",
            "Miranda do Corvo",
            "Montemor-o-Velho",
            "Oliveira do Hospital",
            "Oliveira do Mondego",
            "Pampilhosa da Serra",
            "Penacova",
            "Penela",
            "Poiares",
            "Santa Clara",
            "Santo António dos Olivais",
            "São Pedro de Alva",
            "Soure",
            "Tábua",
            "Tavarede",
            "Tocha",
            "Travanca",
            "Vila Nova de Poiares"
        ]
    },
    {
        "name": "Évora",
        "cities": [
            "Alandroal",
            "Arraiolos",
            "Borba",
            "Estremoz",
            "Évora",
            "Montemor-o-Novo",
            "Mora",
            "Mourão",
            "Portel",
            "Redondo",
            "Reguengos de Monsaraz",
            "Vendas Novas",
            "Viana do Alentejo",
            "Vila Viçosa"
        ]
    },
    {
        "name": "Faro",
        "cities": [
            "Albufeira",
            "Alcantarilha",
            "Alcoutim",
            "Algoz",
            "Aljezur",
            "Almancil",
            "Altura",
            "Alvor",
            "Armação de Pêra",
            "Bensafrim",
            "Boliqueime",
            "Cabanas de Tavira",
            "Carvoeiro",
            "Castro Marim",
            "Conceição",
            "Estói",
            "Estômbar",
            "Faro",
            "Ferragudo",
            "Ferreiras",
            "Fuzeta",
            "Guia",
            "Lagoa",
            "Lagos",
            "Laranjeiro",
            "Loulé",
            "Luz",
            "Manta Rota",
            "Marmelete",
            "Mexilhoeira Grande",
            "Moncarapacho",
            "Monchique",
            "Monte Gordo",
            "Olhão",
            "Olhos de Água",
            "Paderne",
            "Parchal",
            "Pêra",
            "Porches",
            "Portimão",
            "Quarteira",
            "Sagres",
            "Santa Bárbara de Nexe",
            "Santa Luzia",
            "São Bartolomeu de Messines",
            "São Brás de Alportel",
            "São Marcos da Serra",
            "Senhora da Luz",
            "Silves",
            "Tavira",
            "Tunes",
            "Vila do Bispo",
            "Vila Nova De Cacela",
            "Vila Real de Santo António",
            "Vilamoura"
        ]
    },
    {
        "name": "Guarda",
        "cities": [
            "Abrigada",
            "Açores",
            "Adão",
            "Agualva",
            "Águas Belas",
            "Aguiar da Beira",
            "Ajuda",
            "Albardo",
            "Alcabideche",
            "Alcains",
            "Alcântara",
            "Alcoentre",
            "Aldeia da Ponte",
            "Aldeia da Ribeira",
            "Aldeia de Santo António",
            "Aldeia do Bispo",
            "Aldeia Galega da Merceana",
            "Aldeia Gavinha",
            "Aldeia Nova Miranda do Douro",
            "Aldeia Velha",
            "Aldeia Viçosa",
            "Aldeias",
            "Alenquer",
            "Alfaiates",
            "Alfornelos",
            "Alfragide",
            "Algés",
            "Algodres",
            "Alguber",
            "Algueirão",
            "Algueirão–Mem Martins",
            "Alhandra",
            "Almargem",
            "Almargem do Bispo",
            "Almeida",
            "Almendra",
            "Almofala",
            "Alto do Pina",
            "Alvalade",
            "Alvendre",
            "Alverca da Beira",
            "Alverca do Ribatejo",
            "Alvoco da Serra",
            "Amadora",
            "Ameixoeira",
            "Amoreira",
            "Anjos",
            "Apelação",
            "Arcozelo",
            "Arranhó",
            "Arrifana",
            "Arruda Dos Vinhos",
            "Atalaia",
            "Aveiras de Baixo",
            "Aveiras de Cima",
            "Avelãs da Ribeira",
            "Aveloso",
            "Azambuja",
            "Azambuja (town)",
            "Azenhas do Mar",
            "Azevo",
            "Azueira",
            "Baraçal",
            "Barcarena",
            "Barreira",
            "Beato",
            "Belas",
            "Bendada",
            "Benespera",
            "Benfica",
            "Bismula",
            "Bobadela",
            "Bouça Cova",
            "Brandoa",
            "Bucelas",
            "Buraca",
            "Cabanas de Torres",
            "Cabeça",
            "Cacem",
            "Cachoeiras",
            "Cadafais",
            "Cadafaz",
            "Cadaval",
            "Calhandriz",
            "Camarate",
            "Campelos",
            "Campo Grande",
            "Campolide",
            "Caneças",
            "Carapito",
            "Carcavelos",
            "Cardosas",
            "Carmões",
            "Carnaxide",
            "Carnicães",
            "Carnide",
            "Carnota",
            "Carragozela",
            "Carrapichana",
            "Carregado",
            "Carvalhal",
            "Carvoeira",
            "Casal de Cambra",
            "Casal de Cinza",
            "Casal Vasco",
            "Casas do Soeiro",
            "Cascais",
            "Castanheira",
            "Castanheira do Ribatejo",
            "Casteição",
            "Casteleiro",
            "Castelo (Lisbon)",
            "Castelo Bom",
            "Castelo Melhor",
            "Castelo Rodrigo",
            "Cativelos",
            "Cavadoude",
            "Caxias",
            "Cedovim",
            "Celorico da Beira",
            "Cercal",
            "Cerdeira",
            "Cerejo",
            "Charneca",
            "Chãs",
            "Cheleiros",
            "Codesseiro",
            "Cogula",
            "Colares",
            "Coração de Jesus",
            "Coriscada",
            "Cortiçada",
            "Cortiçô",
            "Cortiçô da Serra",
            "Coruche",
            "Corujeira",
            "Cótimos",
            "Cruz Quebrada - Dafundo",
            "Custoias",
            "Damaia",
            "Dois Portos",
            "Dornelas",
            "Eirado",
            "Encarnação",
            "Enxara do Bispo",
            "Ericeira",
            "Ervas Tenras",
            "Ervedosa",
            "Escalhão",
            "Estoril",
            "Faia",
            "Falagueira",
            "Famalicão",
            "Famões",
            "Fanhões",
            "Fernão Joanes",
            "Fiães",
            "Figueira de Castelo Rodrigo",
            "Figueira do Guincho",
            "Figueiró da Granja",
            "Figueiró da Serra",
            "Figueiros",
            "Fóios",
            "Folgosinho",
            "Folhadosa",
            "Fontanelas",
            "Fonte Longa",
            "Forninhos",
            "Forno Telheiro",
            "Fornos de Algodres",
            "Forte da Casa",
            "Freches",
            "Freineda",
            "Freiria",
            "Freixeda do Torrão",
            "Freixedas",
            "Freixo",
            "Freixo de Numão",
            "Frielas",
            "Gagos",
            "Girabolhos",
            "Gonçalo",
            "Gonçalo Bocas",
            "Gouveia",
            "Graça",
            "Gradil",
            "Gradiz",
            "Granja",
            "Guarda",
            "Guilheiro",
            "Horta",
            "Igreja Nova",
            "Infias",
            "Jarmelo São Miguel",
            "Jarmelo São Pedro",
            "João Antão",
            "Junça",
            "Juncais",
            "Lagarinhos",
            "Lajeosa",
            "Lajeosa do Mondego",
            "Lajes",
            "Lamas",
            "Lamegal",
            "Lameiras",
            "Lapa",
            "Lapa Dos Dinheiros",
            "Leomil",
            "Linda-a-Velha",
            "Linhares (Celorico da Beira)",
            "Longroiva",
            "Loriga",
            "Loures",
            "Lourinhã",
            "Lousa",
            "Lumiar",
            "Maçainhas",
            "Maçal do Chão",
            "Maceira",
            "Maçussa",
            "Madalena",
            "Mafra",
            "Malcata",
            "Malhada Sorda",
            "Malpartida",
            "Malveira",
            "Mangualde da Serra",
            "Manigoto",
            "Manique do Intendente",
            "Manteigas",
            "Manteigas (São Pedro)",
            "Marialva",
            "Marmeleiro",
            "Marteleira",
            "Mártires",
            "Marvila",
            "Massamá",
            "Mata de Lobos",
            "Matacães",
            "Matança",
            "Maxial",
            "Meca",
            "Mêda",
            "Meios",
            "Melo",
            "Mem Martins",
            "Mercês",
            "Mesquitela",
            "Milharado",
            "Mina",
            "Minhocal",
            "Mira-Sintra",
            "Miragaia",
            "Miuzela",
            "Mizarela",
            "Moimenta da Serra",
            "Moimentinha",
            "Moita",
            "Moita dos Ferreiros",
            "Moledo",
            "Monte Abraão",
            "Monte Estoril",
            "Monte Redondo",
            "Montelavar",
            "Moreira de Rei",
            "Mós",
            "Moscavide",
            "Murça",
            "Muxagata",
            "Nabais",
            "Nave",
            "Nave de Haver",
            "Nespereira",
            "Nossa Senhora de Fátima",
            "Numão",
            "Odivelas",
            "Odivelas Municipality",
            "Oeiras",
            "Oeiras e São Julião da Barra",
            "Olhalvo",
            "Olival de Basto",
            "Olival do Basto",
            "Ota",
            "Outeiro da Cabeça",
            "Outeiro de Gatos",
            "Paço de Arcos",
            "Paços da Serra",
            "Painho",
            "Pala",
            "Palhais",
            "Panoias de Cima",
            "Parada",
            "Paranhos",
            "Parede",
            "Pega",
            "Pena",
            "Pena Lobo",
            "Pena Verde",
            "Penha de Águia",
            "Penha de França",
            "Pêra do Moço",
            "Peral",
            "Pereiro",
            "Pereiro de Palhacana",
            "Pêro Moniz",
            "Pero Pinheiro",
            "Peva",
            "Pinhanços",
            "Pinheiro",
            "Pinhel",
            "Pínzio",
            "Poço do Canto",
            "Pomares",
            "Ponte do Rol",
            "Pontinha",
            "Portela",
            "Porto da Carne",
            "Porto Salvo",
            "Pousada",
            "Pousafoles do Bispo",
            "Póvoa de Santa Iria",
            "Póvoa de Santo Adrião",
            "Póvoa do Concelho",
            "Prados",
            "Prazeres",
            "Prior Velho",
            "Prova",
            "Quadrazais",
            "Queijas",
            "Queiriz",
            "Queluz",
            "Quintã de Pêro Martins",
            "Quintas de São Bartolomeu",
            "Rabaçal",
            "Ramada",
            "Ramalhal",
            "Ramela",
            "Ranhados",
            "Rapa",
            "Rapoula do Côa",
            "Ratoeira",
            "Reboleira",
            "Reboleiro",
            "Rebolosa",
            "Reguengo Grande",
            "Reigada",
            "Rendo",
            "Ribafria",
            "Ribamar",
            "Ribamondego",
            "Ribeira Dos Carinhos",
            "Rio de Mel",
            "Rio de Mouro",
            "Rio Torto",
            "Rochoso",
            "Runa",
            "Ruvina",
            "Sabugal",
            "Sabugueiro",
            "Sacavém",
            "Sacramento",
            "Safurdão",
            "Salgueirais",
            "Sameice",
            "Sameiro",
            "Sandomil",
            "Santa Bárbara",
            "Santa Catarina",
            "Santa Comba",
            "Santa Engrácia",
            "Santa Eufémia",
            "Santa Eulália",
            "Santa Iria da Azóia",
            "Santa Iria de Azoia",
            "Santa Isabel",
            "Santa Justa",
            "Santa Maria",
            "Santa Maria de Belém",
            "Santa Maria do Castelo e São Miguel",
            "Santa Maria dos Olivais",
            "Santa Maria e São Miguel",
            "Santa Marinha",
            "Santana da Azinha",
            "Santiago",
            "Santiago dos Velhos",
            "Santo Antão do Tojal",
            "Santo António dos Cavaleiros",
            "Santo Condestável",
            "Santo Estêvão",
            "Santo Estêvão das Galés",
            "Santo Isidoro",
            "Santo Quintino",
            "Santos-o-Velho",
            "São Bartolomeu",
            "São Bartolomeu dos Galegos",
            "São Brás",
            "São Cristóvão e São Lourenço",
            "São Domingos de Benfica",
            "São Domingos de Rana",
            "São Francisco Xavier",
            "São João",
            "São João da Talha",
            "São João das Lampas",
            "São João de Brito",
            "São João de Deus",
            "São João Dos Montes",
            "São Jorge de Arroios",
            "São José",
            "São Julião",
            "São Julião do Tojal",
            "São Mamede",
            "São Marcos",
            "São Martinho",
            "São Miguel",
            "São Miguel da Guarda",
            "São Miguel de Alcainça",
            "São Nicolau",
            "São Paio",
            "São Paulo",
            "São Pedro",
            "São Pedro da Cadeira",
            "São Pedro de Penaferrim",
            "São Pedro de Rio Seco",
            "São Romão",
            "São Sebastião da Pedreira",
            "São Vicente",
            "São Vicente de Fora",
            "Sapataria",
            "Sazes da Beira",
            "Sé",
            "Sebadelhe",
            "Sebadelhe da Serra",
            "Seia",
            "Seixas",
            "Seixo do Côa",
            "Sequeira",
            "Sequeiros",
            "Silveira",
            "Sintra (town)",
            "Sobral da Abelheira",
            "Sobral da Serra",
            "Sobral de Monte Agraço",
            "Sobral Pichorro",
            "Sobralinho",
            "Socorro",
            "Sortelha",
            "Souro Pires",
            "Souto",
            "Souto de Aguiar da Beira",
            "Souto Maior",
            "Tamanhos",
            "Teixeira",
            "Terrenho",
            "Terrugem",
            "Torre do Terrenho",
            "Torres",
            "Torres Vedras",
            "Torrozelo",
            "Touça",
            "Tourais",
            "Trancoso",
            "Travancinha",
            "Triana",
            "Trinta",
            "Turcifal",
            "Unhos",
            "Valbom",
            "Valdujo",
            "Vale da Mula",
            "Vale de Amoreira",
            "Vale de Azares",
            "Vale de Espinho",
            "Vale de Estrela",
            "Vale do Paraíso",
            "Vale do Seixo",
            "Vale Flor",
            "Valezim",
            "Valhelhas",
            "Valverde",
            "Várzea de Meruge",
            "Vascoveiro",
            "Vela",
            "Velosa",
            "Venda do Pinheiro",
            "Venda Nova",
            "Venteira",
            "Ventosa",
            "Vermelha",
            "Vermiosa",
            "Vialonga",
            "Vide",
            "Vide Entre Vinhas",
            "Videmonte",
            "Vila Boa",
            "Vila Boa do Mondego",
            "Vila Cortês da Serra",
            "Vila Cortês do Mondego",
            "Vila Cova à Coelheira",
            "Vila do Touro",
            "Vila Fernando",
            "Vila Franca da Serra",
            "Vila Franca das Naves",
            "Vila Franca de Xira",
            "Vila Franca do Deão",
            "Vila Franca do Rosário",
            "Vila Garcia",
            "Vila Nova da Rainha",
            "Vila Nova de Foz Côa",
            "Vila Nova de São Pedro",
            "Vila Nova de Tazem",
            "Vila Ruiva",
            "Vila Soeiro do Chão",
            "Vila Verde",
            "Vila Verde dos Francos",
            "Vilar",
            "Vilar de Amargo",
            "Vilar Formoso",
            "Vilar Maior",
            "Vilar Torpim",
            "Vilares",
            "Vimeiro",
            "Vinhó"
        ]
    },
    {
        "name": "Leiria",
        "cities": [
            "A dos Francos",
            "Alcobaça",
            "Alfeizerão",
            "Aljubarrota",
            "Alvaiázere",
            "Alvorninha",
            "Amor",
            "Ansião",
            "Atouguia da Baleia",
            "Batalha",
            "Benedita",
            "Bombarral",
            "Caldas da Rainha",
            "Caranguejeira",
            "Castanheira de Pêra",
            "Cela",
            "Famalicão",
            "Ferrel",
            "Figueiró Dos Vinhos",
            "Foz do Arelho",
            "Leiria",
            "Louriçal",
            "Maceira",
            "Marinha Grande",
            "Mira",
            "Monte Real",
            "Monte Redondo",
            "Nadadouro",
            "Nazaré",
            "Óbidos",
            "Pataias",
            "Pedrógão Grande",
            "Peniche",
            "Pombal",
            "Porto de Mós",
            "Salir de Matos",
            "Santa Catarina da Serra",
            "São Martinho do Porto",
            "Serra de El-Rei",
            "Souto da Carpalhosa",
            "Turquel",
            "Valado de Frades",
            "Vestiaria",
            "Vidais",
            "Vieira de Leiria"
        ]
    },
    {
        "name": "Lisbon",
        "cities": [
            "A dos Cunhados",
            "Abrigada",
            "Alcabideche",
            "Alcoentre",
            "Alenquer",
            "Alfragide",
            "Algés",
            "Algueirão",
            "Alhandra",
            "Almargem",
            "Alvalade",
            "Amadora",
            "Apelação",
            "Arranhó",
            "Arruda dos Vinhos",
            "Aveiras de Cima",
            "Azambuja",
            "Barcarena",
            "Beato António",
            "Belas",
            "Benfica",
            "Bobadela",
            "Bucelas",
            "Cabanas de Torres",
            "Cacém",
            "Cadafais",
            "Cadaval",
            "Camarate",
            "Campelos",
            "Caneças",
            "Carcavelos",
            "Carnaxide",
            "Carregado",
            "Cascais",
            "Castanheira do Ribatejo",
            "Caxias",
            "Charneca",
            "Colares",
            "Ericeira",
            "Estoril",
            "Famões",
            "Fontanelas",
            "Linda-a-Velha",
            "Lisbon",
            "Loures",
            "Lourinhã",
            "Mafra",
            "Malveira",
            "Massamá",
            "Meca",
            "Mem Martins",
            "Milharado",
            "Moita dos Ferreiros",
            "Monte Estoril",
            "Moscavide e Portela",
            "Odivelas",
            "Oeiras",
            "Olivais",
            "Olival do Basto",
            "Ota",
            "Paço de Arcos",
            "Parede",
            "Pero Pinheiro",
            "Pontinha",
            "Porto Salvo",
            "Póvoa de Santa Iria",
            "Póvoa de Santo Adrião",
            "Prior Velho",
            "Queijas",
            "Queluz",
            "Ramada",
            "Rio de Mouro",
            "Sacavém",
            "Santa Iria da Azóia",
            "Santo Antão do Tojal",
            "Santo Isidoro",
            "Santos-o-Velho",
            "São Bartolomeu",
            "São Domingos de Rana",
            "São João da Talha",
            "São João das Lampas",
            "São João dos Montes",
            "São Pedro da Cadeira",
            "Silveira",
            "Sintra",
            "Sobral de Monte Agraço",
            "Sobralinho",
            "Terrugem",
            "Torres Vedras",
            "Unhos",
            "Venda do Pinheiro",
            "Ventosa",
            "Vialonga",
            "Vila Franca de Xira",
            "Vila Verde",
            "Vimeiro"
        ]
    },
    {
        "name": "Madeira",
        "cities": [
            "Água de Pena",
            "Arco da Calheta",
            "Boaventura",
            "Calheta",
            "Camacha",
            "Câmara de Lobos",
            "Campanário",
            "Canhas",
            "Caniçal",
            "Caniço",
            "Curral das Freiras",
            "Estreito da Calheta",
            "Faial",
            "Fajã da Ovelha",
            "Funchal",
            "Machico",
            "Nossa Senhora do Monte",
            "Ponta do Sol",
            "Porto da Cruz",
            "Porto Moniz",
            "Porto Santo",
            "Ribeira Brava",
            "Santa Cruz",
            "Santana",
            "São Jorge",
            "São Martinho",
            "São Roque",
            "São Vicente"
        ]
    },
    {
        "name": "Portalegre",
        "cities": [
            "Alter do Chão",
            "Arronches",
            "Atalaia",
            "Avis",
            "Campo Maior",
            "Castelo de Vide",
            "Crato",
            "Elvas",
            "Fronteira",
            "Gavião",
            "Marvão",
            "Monforte",
            "Montargil",
            "Nisa",
            "Ponte de Sor",
            "Portalegre",
            "Santo André",
            "Sousel",
            "Vale da Amoreira"
        ]
    },
    {
        "name": "Porto",
        "cities": [
            "Água Longa",
            "Águas Santas",
            "Aguçadoura",
            "Alfena",
            "Alpendurada",
            "Amarante",
            "Amorim",
            "Anta",
            "Arcozelo",
            "Argivai",
            "Árvore",
            "Aver-o-Mar",
            "Aves",
            "Avintes",
            "Azenha",
            "Baguim do Monte",
            "Baião",
            "Balazar",
            "Baltar",
            "Barrosas",
            "Beiriz de Baixo",
            "Bougado",
            "Campo",
            "Canelas",
            "Canidelo",
            "Carvalhosa",
            "Castelões de Cepeda",
            "Ermesinde",
            "Estela",
            "Fânzeres",
            "Felgueiras",
            "Ferreira",
            "Figueiró",
            "Foz do Douro",
            "Foz do Sousa",
            "Frazão",
            "Freamunde",
            "Gandra",
            "Gemunde",
            "Gondomar",
            "Grijó",
            "Guifões",
            "Gulpilhares",
            "Jovim",
            "Lavra",
            "Leça da Palmeira",
            "Leça do Bailio",
            "Lordelo",
            "Lousada",
            "Lustosa",
            "Madalena",
            "Maia",
            "Marco de Canaveses",
            "Marco de Canavezes",
            "Margaride",
            "Matosinhos",
            "Meinedo",
            "Melres",
            "Milheirós",
            "Mindelo",
            "Moreira",
            "Negrelos",
            "Nogueira",
            "Olival",
            "Oliveira do Douro",
            "Paços de Ferreira",
            "Paredes",
            "Pedroso",
            "Pedrouços",
            "Penafiel",
            "Perafita",
            "Perozinho",
            "Porto",
            "Póvoa de Varzim",
            "Rebordões",
            "Rebordosa",
            "Recarei",
            "Rio Mau",
            "Rio Tinto",
            "Sandim",
            "Santa Cruz do Bispo",
            "Santo Izidoro",
            "Santo Tirso",
            "São Félix da Marinha",
            "São Mamede de Infesta",
            "São Miguel do Couto",
            "São Pedro da Cova",
            "São Romão do Coronado",
            "Senhora da Hora",
            "Sermonde",
            "Seroa",
            "Serzedo",
            "Sobrado",
            "Telões",
            "Trofa",
            "Vairão",
            "Valadares",
            "Valbom",
            "Valongo",
            "Vila do Conde",
            "Vila Meã",
            "Vila Nova da Telha",
            "Vila Nova de Gaia",
            "Vilar de Andorinho",
            "Vilar do Paraíso",
            "Vilarinho",
            "Vizela"
        ]
    },
    {
        "name": "Santarém",
        "cities": [
            "Abrantes",
            "Alcanede",
            "Alcanena",
            "Alcanhões",
            "Alferrarede",
            "Almeirim",
            "Alpiarça",
            "Amiães de Baixo",
            "Azinhaga",
            "Bemfica",
            "Benavente",
            "Cartaxo",
            "Chamusca",
            "Constância",
            "Coruche",
            "Entroncamento",
            "Fátima",
            "Fazendas de Almeirim",
            "Ferreira do Zêzere",
            "Golegã",
            "Mação",
            "Madalena",
            "Marinhais",
            "Minde",
            "Monsanto",
            "Montalvinho",
            "Montalvo",
            "Ourém",
            "Paialvo",
            "Pego",
            "Pinheiro Grande",
            "Poceirão",
            "Pontével",
            "Praia do Ribatejo",
            "Riachos",
            "Rio Maior",
            "Salvaterra de Magos",
            "Samora Correia",
            "Santa Margarida da Coutada",
            "Santarém",
            "São Miguel de Rio Torto",
            "São Vicente do Paul",
            "Sardoal",
            "Tomar",
            "Torres Novas",
            "Tramagal",
            "Vale de Figueira",
            "Vale de Santarém",
            "Vila Chã de Ourique",
            "Vila Nova da Barquinha"
        ]
    },
    {
        "name": "Setúbal",
        "cities": [
            "Alcácer do Sal",
            "Alcochete",
            "Aldeia de Paio Pires",
            "Alhos Vedros",
            "Almada",
            "Amora",
            "Arrentela",
            "Azeitão",
            "Barreiro",
            "Cacilhas",
            "Caparica",
            "Cercal",
            "Charneca de Caparica",
            "Comporta",
            "Corroios",
            "Costa de Caparica",
            "Grândola",
            "Laranjeira",
            "Lavradio",
            "Moita",
            "Montijo",
            "Palmela",
            "Piedade",
            "Pinhal Novo",
            "Porto Covo",
            "Pragal",
            "Quinta do Anjo",
            "Quinta Do Conde",
            "Rosairinho",
            "Samouco",
            "Santiago do Cacém",
            "Santo André",
            "Santo António da Charneca",
            "Sarilhos Pequenos",
            "Seixal",
            "Sesimbra",
            "Setúbal",
            "Sines",
            "Sobreda",
            "Trafaria"
        ]
    },
    {
        "name": "Viana do Castelo",
        "cities": [
            "Arcos de Valdevez",
            "Caminha",
            "Melgaço",
            "Monção",
            "Paredes de Coura",
            "Ponte da Barca",
            "Ponte de Lima",
            "Valença",
            "Viana do Castelo"
        ]
    },
    {
        "name": "Vila Real",
        "cities": [
            "Alijó",
            "Boticas",
            "Chaves",
            "Favaios",
            "Godim",
            "Mesão Frio",
            "Mondim de Basto",
            "Montalegre",
            "Murça",
            "Peso da Régua",
            "Ribeira de Pena",
            "Sabrosa",
            "Santa Cruz",
            "Santa Marta de Penaguião",
            "Sobreira",
            "Valpaços",
            "Vila Pouca de Aguiar",
            "Vila Real",
            "Vilela"
        ]
    },
    {
        "name": "Viseu",
        "cities": [
            "Abraveses",
            "Armamar",
            "Cabanas de Viriato",
            "Campo",
            "Campo de Besteiros",
            "Canas de Senhorim",
            "Carregal do Sal",
            "Castro Daire",
            "Cinfães",
            "Ervedosa do Douro",
            "Lamego",
            "Mangualde",
            "Moimenta da Beira",
            "Mortágua",
            "Nelas",
            "Oliveira de Frades",
            "Penalva do Castelo",
            "Penedono",
            "Resende",
            "Rio de Loba",
            "Santa Comba Dão",
            "São João da Pesqueira",
            "São João de Areias",
            "São Pedro do Sul",
            "Sátão",
            "Sernancelhe",
            "Tabuaço",
            "Tarouca",
            "Tondela",
            "Treixedo",
            "Vila Nova de Paiva",
            "Viseu",
            "Vouzela"
        ]
    }
]