[
    {
        "name": "Clarendon",
        "cities": [
            "Aenon Town",
            "Alley",
            "Alston",
            "Ashley",
            "Banks",
            "Beckford Kraal",
            "Brandon Hill",
            "Brixton Hill",
            "Bucknor",
            "Bucks Common",
            "Bushy Park",
            "Chapelton",
            "Chateau",
            "Cockpit",
            "Coffee Piece",
            "Colonels Ridge",
            "Coxswain",
            "Crofts Hill",
            "Crooked River",
            "Cumberland",
            "Curatoe Hill",
            "Dawkins",
            "Effortville",
            "Four Paths",
            "Frankfield",
            "Freetown",
            "Gimme-me-bit",
            "Glenmuir",
            "Grantham",
            "Gravel Hill",
            "Hayes",
            "Hazard",
            "Inverness",
            "James Hill",
            "Johns Hall",
            "Kellits",
            "Limit",
            "Lionel Town",
            "Longville Park",
            "Longwood",
            "May Pen",
            "May Pen Proper",
            "Milk River",
            "Mineral Heights",
            "Mitchell Town",
            "Moores",
            "Morgans Forest",
            "Morgans Pass",
            "Mount Airy",
            "New Denbigh",
            "New Longsville",
            "Old Denbigh",
            "Orange Hill",
            "Osbourne Store",
            "Paisley",
            "Palmers Cross",
            "Part of Banana Ground",
            "Part of Douglas Castle",
            "Part of Kellits",
            "Peckham",
            "Pennants",
            "Pleasant Valley",
            "Portland Cottage",
            "Porus",
            "Race Course",
            "Richmond Park",
            "Ritchies",
            "Rock",
            "Rock River",
            "Rocky Point",
            "Salt River",
            "Sandy Bay",
            "Sanguinetti",
            "Sedgepond",
            "Silent Hill",
            "Smithville",
            "Spaldings",
            "Summerfield",
            "Thompson Town",
            "Tollgate",
            "Treadlight",
            "Trout Hall",
            "Turners",
            "Water Lane",
            "Woodhall",
            "York Town"
        ]
    },
    {
        "name": "Hanover",
        "cities": [
            "Askenish",
            "Cacoon",
            "Cacoon Castle",
            "Cascade",
            "Cash Hill",
            "Cauldwell",
            "Chambers Pen",
            "Chester Castle",
            "Copse",
            "Cousins Cove",
            "Dias",
            "Great Valley",
            "Green Island",
            "Haddington",
            "Hopewell",
            "Jericho",
            "Kendal",
            "Kingsvale",
            "Lances Bay",
            "Logwood",
            "Lucea",
            "Lucea East",
            "Lucea West",
            "March Town",
            "Maryland",
            "Mount Peto",
            "Orange Bay",
            "Pell River",
            "Pondside",
            "Ramble",
            "Rock Spring",
            "Sandy Bay",
            "Santoy",
            "Success",
            "Woodlands",
            "Woodsville"
        ]
    },
    {
        "name": "Kingston",
        "cities": [
            "Allman Town",
            "Bournemouth Gardens",
            "Campbell Town",
            "Central Down Town",
            "D'Aguilar Town/ Rennock Lodge",
            "Denham Town",
            "East Down Town",
            "Fletchers Land",
            "Franklyn Town",
            "Hannah Town/ Craig Town",
            "Johnson Town",
            "Kingston",
            "Kingston Gardens",
            "Manley Meadows",
            "Newport East",
            "Newton Square",
            "Norman Gardens",
            "Passmore Town",
            "Port Royal",
            "Rae Town",
            "Rollington Town",
            "Southside",
            "Springfield",
            "Tivoli Gardens",
            "West Down Town"
        ]
    },
    {
        "name": "Manchester",
        "cities": [
            "Alligator Pond",
            "Asia/Pratville",
            "Auchtembeddie",
            "Bellefield",
            "Bethany",
            "Blue Mountain",
            "Bombay",
            "Butt-Up",
            "Cedar Grove",
            "Chantilly",
            "Christiana",
            "Chudleigh",
            "Cobbla",
            "Coleyville",
            "Comfort",
            "Comfort Hall",
            "Content",
            "Craig Head",
            "Cross Keys",
            "Devon",
            "Downs",
            "Ellen Street",
            "Evergreen",
            "Fairfield",
            "French Park",
            "George's Valley",
            "Good Intent",
            "Greenvale",
            "Grove Place",
            "Grove Town",
            "Harmons",
            "Harry Watch",
            "Hatfield",
            "Heartease",
            "Hibernia",
            "Huntley",
            "Kendal",
            "Knockpatrick",
            "Lancaster",
            "Litchfield",
            "Maidstone",
            "Mandeville",
            "Mandeville Proper",
            "Marlie Hill",
            "May Day",
            "Medina",
            "Mike Town",
            "Mile Gully",
            "New Forest",
            "New Green",
            "Newport",
            "Old England",
            "Part Of Banana Ground",
            "Part Of Gutters",
            "Part of Spaldings",
            "Pike",
            "Plowden",
            "Porus",
            "Prospect",
            "Richmond",
            "Robins Hall",
            "Rose Hill",
            "Royal Flat",
            "Scotts Pass",
            "Snowdon",
            "Somerset",
            "Spring Ground",
            "Spur Tree",
            "St. Paul's",
            "Swaby's Hope",
            "Top Hill",
            "Victoria Town",
            "Walderston",
            "Watham",
            "Williamsfield"
        ]
    },
    {
        "name": "Portland",
        "cities": [
            "Balcarres",
            "Bangor Ridge",
            "Belvedere",
            "Black Hill",
            "Boundbrook",
            "Breastworks",
            "Buff Bay",
            "Bybrook",
            "Cascade",
            "Castle Comfort",
            "Central Port Antonio",
            "Charles Town",
            "Claverty Cottage",
            "Comfort Castle",
            "Drapers",
            "Durham",
            "Fairy Hill",
            "Fellowship",
            "Fruitfulvale",
            "Hectors River",
            "Hope Bay",
            "Kensington",
            "Long Bay",
            "Long Road",
            "Manchioneal",
            "Moore Town",
            "Mount Pleasant",
            "Nonsuch",
            "Norwich",
            "Orange Bay",
            "Port Antonio",
            "Prospect",
            "Rock Hall",
            "Sherwood Forest",
            "Shirley Castle",
            "Skibo",
            "Snow Hill",
            "Spring Hill",
            "St. Margaret's Bay",
            "Swift River",
            "Tranquility",
            "Windsor",
            "Windsor Castle",
            "Windsor Forest"
        ]
    },
    {
        "name": "Saint Andrew",
        "cities": [
            "Arcadia",
            "Arlene Gardens",
            "Arnett Gardens",
            "August Town",
            "Barbican",
            "Beverley Hills",
            "Bito",
            "Bloxborough",
            "Boucher Park",
            "Brandon Hill",
            "Bull Bay/ Seven Mile",
            "Cane River",
            "Cassia Park",
            "Cavaliers",
            "Cherry Gardens",
            "Cockburn Gardens",
            "Constant Spring",
            "Constant Spring Gardens",
            "Constitution Hill",
            "Content Gap",
            "Cooreville Gardens",
            "Cross Roads",
            "Dallas",
            "Delacree Park/ Union Gardens",
            "Delacree Pen",
            "Drewsland",
            "Drumblair",
            "Duhaney Park",
            "Eastwood Park Gardens",
            "Elleston Flats/ Mona Commons",
            "Ferry",
            "Forest Hills Gardens",
            "Forest Hills/ Plantation Height",
            "Golden Spring",
            "Gordon Town",
            "Grants Pen",
            "Greenwich Town/ Newport West",
            "Half Way Tree",
            "Half-Way-Tree",
            "Harbour View",
            "Havendale",
            "Hermitage",
            "Hope Pastures/ UTECH",
            "Hope Tavern",
            "Hughenden",
            "Irish Town",
            "Jacks Hill",
            "Jones Town",
            "Kencot",
            "Kintyre",
            "Lawrence Tavern",
            "Liguanea",
            "Majestic Gardens",
            "Mannings Hill",
            "Mannings Hill (Rural)",
            "Marverley",
            "Maryland",
            "Mavis Bank",
            "Maxfield Park",
            "Meadowbrook",
            "Meadowbrook Estate",
            "Molynes Four Roads",
            "Molynes Gardens",
            "Mona Heights",
            "Mount James",
            "Mountain View Gardens",
            "Nannyville",
            "New Haven",
            "New Kingston",
            "Norbrook",
            "Oaklands",
            "Papine",
            "Parks Road",
            "Patrick City",
            "Pembroke Hall",
            "Penwood",
            "Queensborough/ Tunbridge",
            "Red Hills (Rural)",
            "Red Hills Gardens",
            "Red Hills/ Sterling Castle",
            "Richmond Park",
            "Riverton City",
            "Roehampton",
            "Rose Town",
            "Seaview Gardens",
            "Seaward Pen",
            "Seymour Lands",
            "St. Peter's",
            "Stadium Gardens",
            "Stony Hill",
            "Swallowfield",
            "Temple Hall",
            "Three Oaks/ Glendale",
            "Tower Hill",
            "Trafalgar Park",
            "Trench Town",
            "University",
            "Vineyard Town",
            "Waltham Gardens",
            "Washington Gardens",
            "Waterhouse",
            "Whitehall",
            "Whitfield Town",
            "Wilton Gardens/ Rema",
            "Woodford",
            "Woodford Park",
            "Zaidie Gardens"
        ]
    },
    {
        "name": "Saint Ann",
        "cities": [
            "Aboukir",
            "Alderton",
            "Alexandria",
            "Alva",
            "Bamboo",
            "Beecher Town",
            "Bensonton",
            "Blackstonedge",
            "Bohemia",
            "Borobridge",
            "Browns Town",
            "Calderwood",
            "Cascade",
            "Cave Valley",
            "Chalky Hill",
            "Chester",
            "Claremont",
            "Cole Gate",
            "Content Garden",
            "Cuffie Ridge",
            "Discovery Bay",
            "Epworth",
            "Exchange",
            "Faith's Pen",
            "Gibraltar",
            "Golden Grove",
            "Great Pond",
            "Higgin Land",
            "Hinds Town",
            "Inverness",
            "Lime Hall",
            "Lime Tree Gardens",
            "Linton Park",
            "Macknie",
            "Madras",
            "Mansfield",
            "Moneague",
            "Mount Moriah",
            "Mount Zion",
            "Ocho Rios",
            "Parry Town",
            "Philadelphia",
            "Pimento Walk",
            "Priory",
            "River Head",
            "Runaway Bay",
            "Saint Ann’s Bay",
            "St. Ann's Bay",
            "St. D'Acre",
            "Steer Town",
            "Sturge Town",
            "Walkers Wood",
            "Watt Town",
            "York Castle"
        ]
    },
    {
        "name": "Saint Catherine",
        "cities": [
            "Above Rocks",
            "Bartons",
            "Bellas Gate",
            "Bog Walk",
            "Bogwalk",
            "Braeton",
            "Bridgeport",
            "Browns Hill",
            "Caymanas",
            "Central Village",
            "Crescent",
            "Cromarty",
            "Cumberland",
            "Edgewater",
            "Ensom",
            "Ewarton",
            "Ginger Ridge",
            "Glengoffe",
            "Golden Acres",
            "Greater Portmore",
            "Greendale",
            "Gregory Park",
            "Hampton Green",
            "Harewood",
            "Harkers Hall",
            "Hellshire",
            "Independence City",
            "Keystone",
            "Kitson Town",
            "Linstead",
            "Lluidas Vale",
            "Naggo Head",
            "Old Harbour",
            "Old Harbour Bay",
            "Old Harbour Road",
            "Part of Guys Hill",
            "Part of Keystone",
            "Part of Rock Hall",
            "Passage Fort",
            "Pear Tree Grove",
            "Point Hill",
            "Portmore",
            "Redwood",
            "Riversdale",
            "Sligoville",
            "Spanish Town",
            "Spanish Town Central",
            "St. John's East",
            "St. John's West",
            "Troja",
            "Waterford",
            "Watermount",
            "West Cumberland",
            "Willowdene"
        ]
    },
    {
        "name": "Saint Elizabeth",
        "cities": [
            "Aberdeen",
            "Accompong",
            "Alligator Pond",
            "Balaclava",
            "Ballards  Valley",
            "Barbary Hall",
            "Bigwoods",
            "Black River",
            "Bogue",
            "Braes River",
            "Brighton",
            "Brompton",
            "Bull Savanna",
            "Bull Savannah",
            "Burnt Savannah",
            "Carisbrook",
            "Cotterwood",
            "Crawford",
            "Elderslie",
            "Fullerswood",
            "Giddy Hall",
            "Ginger Hill",
            "Goshen",
            "Holland",
            "Hopeton",
            "Junction",
            "Lacovia",
            "Leeds",
            "Lititz",
            "Maggotty",
            "Malvern",
            "Merrywood",
            "Middle Quarters",
            "Mountainside",
            "Mulgrave",
            "Myersville",
            "Nain",
            "New Market",
            "Newell",
            "Newton",
            "Parottee",
            "Pedro Plains",
            "Pepper",
            "Pisgah",
            "Pondside",
            "Potsdam",
            "Quick Step",
            "Red Bank",
            "Retirement",
            "Rose Hall",
            "Russels",
            "Santa Cruz",
            "Scholefield",
            "Siloah",
            "Slipe",
            "Southfield",
            "Springfield",
            "Thornton",
            "Top Hill",
            "Treasure Beach",
            "Warminister",
            "Watchwell",
            "White Hill"
        ]
    },
    {
        "name": "Saint James",
        "cities": [
            "Adelphi",
            "Albion",
            "Anchovy",
            "Arcadia",
            "Barrett Town",
            "Bickersteth",
            "Bogue",
            "Brandon Hill",
            "Cambridge",
            "Canterbury",
            "Catadupa",
            "Catherine Hall",
            "Catherine Mount",
            "Comfort Hall",
            "Coral Gardens",
            "Cornwall",
            "Down Town Montego Bay",
            "Dumfries",
            "Fairfield",
            "Farm Heights",
            "Flagstaff",
            "Flamstead",
            "Flankers",
            "Flower Hill",
            "Friendship",
            "Garlands",
            "Glendevon",
            "Goodwill",
            "Granville",
            "Green Pond",
            "Greenwood",
            "Hopeton",
            "Ironshore",
            "Irwin",
            "John's Hall",
            "Lilliput",
            "Lottery",
            "Maldon",
            "Maroon Town",
            "Mocho",
            "Montego Bay",
            "Montego Hill",
            "Montpelier",
            "Mount Carey",
            "Mount Horeb",
            "Mount Salem",
            "Niagara",
            "Norwood",
            "Orange",
            "Paradise",
            "Pitfour",
            "Porto Bello",
            "Reading",
            "Retirement",
            "Retrieve",
            "Roehampton",
            "Rose Hall",
            "Rose Heights",
            "Rose Mount Garden",
            "Rosemount",
            "Salt Spring",
            "Seven Rivers",
            "Somerton",
            "Spot Valley",
            "Stonehenge",
            "Summer Hill",
            "Sunderland",
            "Tangle River",
            "Tower Hill/Moy Hall",
            "Tucker",
            "Unity Hall",
            "Vaughnsfield",
            "Welcome Hall",
            "West Green"
        ]
    },
    {
        "name": "Saint Mary",
        "cities": [
            "Amiel Town",
            "Annotto Bay",
            "Baileys Vale",
            "Baxter Mountain",
            "Belfield",
            "Bonnygate",
            "Brainerd",
            "Broadgate",
            "Camberwell",
            "Carron Hall",
            "Castleton",
            "Charles Town",
            "Clonmel",
            "Devon Pen",
            "Dover",
            "Enfield",
            "Epson",
            "Flint River",
            "Free Hill",
            "Friendship Gap",
            "Galina",
            "Gayle",
            "Guys Hill",
            "Hampstead",
            "Highgate",
            "Islington",
            "Jacks River",
            "Jeffery Town",
            "Labyrinth",
            "Long Road",
            "Lucky Hill",
            "Mango Valley",
            "Martin",
            "Mason Hall",
            "Mile Gully",
            "Oracabessa",
            "Port Maria",
            "Prospect",
            "Retreat",
            "Richmond",
            "Robins Bay",
            "Sandside",
            "Scotts Hall",
            "Woodpark",
            "Woodside"
        ]
    },
    {
        "name": "Saint Thomas",
        "cities": [
            "Airy Castle",
            "Albion",
            "Amity Hall",
            "Arcadia",
            "Baptist",
            "Barking Lodge",
            "Bath",
            "Bethel",
            "Cedar Valley",
            "Church Corner",
            "Dalvey",
            "Danvers Pen",
            "Duckenfield",
            "Duhaney Pen",
            "Easington",
            "Eleven Miles",
            "Font Hill",
            "Golden Grove",
            "Hagley Gap",
            "Hampton Court",
            "Hayfield",
            "Hillside",
            "Johns Town",
            "Johnson Mountain",
            "Jones Pen",
            "Leith Hall",
            "Llandewey",
            "Lloyds",
            "Lyssons",
            "Middleton",
            "Morant Bay",
            "Mount Lebanus",
            "New Monkland",
            "Pamphret",
            "Pear Tree",
            "Poormans Corner",
            "Port Morant",
            "Prospect",
            "Ramble",
            "Retreat",
            "Richmond Vale",
            "River Head",
            "Rowlandsfield",
            "Seaforth",
            "Somerset",
            "Spring Bank",
            "Spring Garden",
            "Sunning Hill",
            "Trinity Ville",
            "Trinityville",
            "Wheelerfield",
            "White Hall",
            "White Horses",
            "Wilmington",
            "Winchester",
            "Yallahs",
            "York"
        ]
    },
    {
        "name": "Trelawny",
        "cities": [
            "Albert Town",
            "Alps",
            "Bounty Hall",
            "Brampton",
            "Bunkers Hill",
            "Clarks Town",
            "Daniel Town",
            "Deeside",
            "Duanvale",
            "Duncans",
            "Falmouth",
            "Freemans Hall",
            "Granville",
            "Hampden",
            "Jackson Town",
            "Joe Hut",
            "Kinloss",
            "Lorrimers",
            "Martha Brae",
            "Perth Town",
            "Refuge",
            "Rio Bueno",
            "Salt Marsh",
            "Samuels Prospect",
            "Sawyers",
            "Sherwood Content",
            "Spicy Hill",
            "Spring Garden",
            "St. Vincent",
            "Stettin",
            "Stewart Town",
            "Troy",
            "Ulster Spring",
            "Wait-A-Bit",
            "Wakefield",
            "Warsop",
            "Wilson's Run",
            "Wirefence"
        ]
    },
    {
        "name": "Westmoreland",
        "cities": [
            "12th Street",
            "Amity",
            "Ashton",
            "Barneyside",
            "Bath",
            "Bath Mountain",
            "Beaufort",
            "Beeston Spring",
            "Belvedere",
            "Berkshire",
            "Bethel Town",
            "Big Bridge",
            "Bluefields",
            "Bog",
            "Broughton",
            "Burnt Savannah",
            "Cairn Curran",
            "Caledonia",
            "Carmel",
            "Cave",
            "Chantilly",
            "Content",
            "Cornwall Mountian",
            "Darliston",
            "Delveland",
            "Dillion Bigwoods",
            "Dundee",
            "Enfield",
            "Ferris",
            "Fort Williams",
            "Frome",
            "Fullersfield",
            "Georges Plain",
            "Gooden's River",
            "Grange",
            "Grange Hill",
            "Haddo",
            "Harmony Town",
            "Hertford",
            "Jerusalem",
            "Kentucky",
            "Kilmarnoch",
            "Lambs River",
            "Leamington",
            "Lenox Bigwoods",
            "Little London",
            "Llandilo",
            "Mackfield",
            "Mearnsville",
            "Mount Airy",
            "Mount Stewart",
            "Negril",
            "New Market Oval",
            "New Roads",
            "New Works",
            "Orange Hill",
            "Paul Island",
            "Petersfield",
            "Petersville",
            "Porters Mountain",
            "Red Hills",
            "Revival",
            "Roaring River",
            "Russia",
            "Savanna-la-Mar",
            "Savannah-la-mar Business Dist.",
            "Seaford Town",
            "Seaton Crescent",
            "Shefield",
            "Shoalin Grotto",
            "Smithfield",
            "St. Leonards",
            "Strathbogie",
            "Strawberry",
            "Struie",
            "Three Mile River",
            "Town Head",
            "Truro",
            "Water Works",
            "Whitehouse",
            "Whithorn",
            "Williamsfield"
        ]
    }
]