[
    {
        "name": "Antwerp"
    },
    {
        "name": "Brussels-Capital "
    },
    {
        "name": "East Flanders"
    },
    {
        "name": "Flanders"
    },
    {
        "name": "Flemish Brabant"
    },
    {
        "name": "Hainaut"
    },
    {
        "name": "Liège"
    },
    {
        "name": "Limburg"
    },
    {
        "name": "Luxembourg"
    },
    {
        "name": "Namur"
    },
    {
        "name": "Wallonia"
    },
    {
        "name": "Walloon Brabant"
    },
    {
        "name": "West Flanders"
    }
]