[
    {
        "name": "Bosnian Podrinje",
        "cities": []
    },
    {
        "name": "Brčko",
        "cities": [
            "Brčko",
            "Brka"
        ]
    },
    {
        "name": "Canton 10",
        "cities": []
    },
    {
        "name": "Central Bosnia",
        "cities": []
    },
    {
        "name": "Federation of Bosnia and Herzegovina",
        "cities": [
            "Banovići",
            "Barice",
            "Bihać",
            "Bijela",
            "Bila",
            "Blagaj",
            "Bosanska Krupa",
            "Bosanski Petrovac",
            "Bosansko Grahovo",
            "Breza",
            "Bugojno",
            "Busovača",
            "Bužim",
            "Čapljina",
            "Cazin",
            "Čelić",
            "Cim",
            "Čitluk",
            "Ćoralići",
            "Crnići",
            "Divičani",
            "Dobrinje",
            "Domaljevac",
            "Donja Dubica",
            "Donja Mahala",
            "Donja Međiđa",
            "Donji Vakuf",
            "Drežnica",
            "Drinovci",
            "Drvar",
            "Dubrave Donje",
            "Dubrave Gornje",
            "Dubravica",
            "Fojnica",
            "Glamoč",
            "Gnojnica",
            "Goražde",
            "Gorica",
            "Gornja Breza",
            "Gornja Koprivna",
            "Gornja Tuzla",
            "Gornje Moštre",
            "Gornje Živinice",
            "Gornji Vakuf",
            "Gostovići",
            "Gračanica",
            "Gradačac",
            "Gromiljak",
            "Grude",
            "Hadžići",
            "Hercegovačko-Neretvanski Kanton",
            "Hotonj",
            "Ilići",
            "Ilijaš",
            "Izačić",
            "Jablanica",
            "Jajce",
            "Jelah",
            "Jezerski",
            "Kačuni",
            "Kakanj",
            "Kanton Sarajevo",
            "Karadaglije",
            "Kiseljak",
            "Kladanj",
            "Ključ",
            "Kobilja Glava",
            "Kočerin",
            "Konjic",
            "Kovači",
            "Liješnica",
            "Livno",
            "Ljubuški",
            "Lokvine",
            "Lukavac",
            "Lukavica",
            "Maglaj",
            "Mahala",
            "Mala Kladuša",
            "Malešići",
            "Mionica",
            "Mostar",
            "Mramor",
            "Neum",
            "Novi Šeher",
            "Novi Travnik",
            "Odžak",
            "Olovo",
            "Omanjska",
            "Orahovica Donja",
            "Orašac",
            "Orašje",
            "Orguz",
            "Ostrožac",
            "Otoka",
            "Pajić Polje",
            "Pazarić",
            "Peći",
            "Pećigrad",
            "Pjanići",
            "Podhum",
            "Podzvizd",
            "Polje",
            "Polje-Bijela",
            "Potoci",
            "Prozor",
            "Puračić",
            "Radišići",
            "Rodoč",
            "Rumboci",
            "Sanica",
            "Sanski Most",
            "Sapna",
            "Sarajevo",
            "Šerići",
            "Široki Brijeg",
            "Skokovi",
            "Sladna",
            "Solina",
            "Srebrenik",
            "Stijena",
            "Stjepan-Polje",
            "Stolac",
            "Šturlić",
            "Šumatac",
            "Tasovčići",
            "Tešanj",
            "Tešanjka",
            "Todorovo",
            "Tojšići",
            "Tomislavgrad",
            "Travnik",
            "Tržačka Raštela",
            "Turbe",
            "Tuzla",
            "Ustikolina",
            "Vareš",
            "Varoška Rijeka",
            "Velagići",
            "Velika Kladuša",
            "Vidoši",
            "Visoko",
            "Vitez",
            "Vitina",
            "Vogošća",
            "Voljevac",
            "Vrnograč",
            "Vukovije Donje",
            "Zabrišće",
            "Zavidovići",
            "Zborište",
            "Željezno Polje",
            "Zenica",
            "Žepče",
            "Živinice"
        ]
    },
    {
        "name": "Herzegovina-Neretva",
        "cities": []
    },
    {
        "name": "Posavina",
        "cities": []
    },
    {
        "name": "Republika Srpska",
        "cities": [
            "Balatun",
            "Banja Luka",
            "Bijeljina",
            "Bileća",
            "Blatnica",
            "Brod",
            "Bronzani Majdan",
            "Čajniče",
            "Čečava",
            "Čelinac",
            "Derventa",
            "Doboj",
            "Dobrljin",
            "Dvorovi",
            "Foča",
            "Gacko",
            "Gradiška",
            "Hiseti",
            "Istočni Mostar",
            "Janja",
            "Kalenderovci Donji",
            "Kneževo",
            "Knežica",
            "Koran",
            "Kostajnica",
            "Kotor Varoš",
            "Kozarska Dubica",
            "Krupa na Vrbasu",
            "Laktaši",
            "Lamovita",
            "Ljubinje",
            "Lopare",
            "Maglajani",
            "Marićka",
            "Maslovare",
            "Mejdan - Obilićevo",
            "Milići",
            "Modriča",
            "Mrkonjić Grad",
            "Nevesinje",
            "Novi Grad",
            "Obudovac",
            "Omarska",
            "Opština Oštra Luka",
            "Opština Višegrad",
            "Oštra Luka",
            "Pale",
            "Pelagićevo",
            "Petkovci",
            "Piskavica",
            "Podbrdo",
            "Popovi",
            "Pribinić",
            "Priboj",
            "Prijedor",
            "Rogatica",
            "Rudo",
            "Šamac",
            "Šekovići",
            "Šipovo",
            "Sokolac",
            "Srbac",
            "Srebrenica",
            "Stanari",
            "Starcevica",
            "Svodna",
            "Teslić",
            "Trebinje",
            "Trn",
            "Ugljevik",
            "Velika Obarska",
            "Višegrad",
            "Vlasenica",
            "Živinice",
            "Zvornik"
        ]
    },
    {
        "name": "Sarajevo",
        "cities": []
    },
    {
        "name": "Tuzla",
        "cities": []
    },
    {
        "name": "Una-Sana",
        "cities": []
    },
    {
        "name": "West Herzegovina",
        "cities": []
    },
    {
        "name": "Zenica-Doboj",
        "cities": []
    }
]